{"deviceType":"phone","checkEntry":"true","localPropertiesPath":"D:\\app\\qqdownload\\TeamWork8\\TeamWork8\\TeamWork\\local.properties","Path":"C:\\Users\\lxt52\\nodejs\\","note":"false","aceProfilePath":"D:\\app\\qqdownload\\TeamWork8\\TeamWork8\\TeamWork\\entry\\.preview\\default\\intermediates\\res\\default\\resources\\base\\profile","isPreview":"true","hapMode":"false","buildMode":"debug","img2bin":"true","projectProfilePath":"D:\\app\\qqdownload\\TeamWork8\\TeamWork8\\TeamWork\\build-profile.json5","watchMode":"true","appResource":"D:\\app\\qqdownload\\TeamWork8\\TeamWork8\\TeamWork\\entry\\.preview\\default\\intermediates\\res\\default\\ResourceTable.txt","logLevel":"3","stageRouterConfig":{"contents":["{\"module\":{\"pages\":\"$profile:main_pages\",\"name\":\"entry\"}}","{\"src\":[\"pages/Index\",\"pages/doahangye\",\"pages/TimeTable\",\"pages/xiaoli\",\"pages/Search_Ability\"]}"],"paths":["D:\\app\\qqdownload\\TeamWork8\\TeamWork8\\TeamWork\\entry\\.preview\\default\\intermediates\\res\\default\\module.json","D:\\app\\qqdownload\\TeamWork8\\TeamWork8\\TeamWork\\entry\\.preview\\default\\intermediates\\res\\default\\resources\\base\\profile\\main_pages.json"]},"port":"29913","aceBuildJson":"D:\\app\\qqdownload\\TeamWork8\\TeamWork8\\TeamWork\\entry\\.preview\\default\\intermediates\\loader\\default\\loader.json","aceModuleRoot":"D:\\app\\qqdownload\\TeamWork8\\TeamWork8\\TeamWork\\entry\\src\\main\\ets","aceSoPath":"D:\\app\\qqdownload\\TeamWork8\\TeamWork8\\TeamWork\\entry\\.preview\\cache\\nativeDependencies.txt","cachePath":"D:\\app\\qqdownload\\TeamWork8\\TeamWork8\\TeamWork\\entry\\.preview\\cache","aceModuleBuild":"D:\\app\\qqdownload\\TeamWork8\\TeamWork8\\TeamWork\\entry\\.preview\\default\\intermediates\\assets\\default\\ets","aceSuperVisualPath":"D:\\app\\qqdownload\\TeamWork8\\TeamWork8\\TeamWork\\entry\\src\\main\\supervisual","aceModuleJsonPath":"D:\\app\\qqdownload\\TeamWork8\\TeamWork8\\TeamWork\\entry\\.preview\\default\\intermediates\\res\\default\\module.json"}