{":TeamWork:entry:default@PreBuild":{"_inputs":[{"dataType":"ValueEntry","value":"{\"_name\":\"BUILTIN_TASK_COMMAND\",\"_value\":\"\",\"_valueType\":\"string\",\"_hash\":\"0b5d05294fdf4e78e8482ef53eb64ac0\"}"},{"dataType":"ValueEntry","value":"{\"_name\":\"BUILTIN_TASK_ENV\",\"_value\":\"\",\"_valueType\":\"string\",\"_hash\":\"cdcdc2ec8062ca9ec1de46dbf2bbc053\"}"},{"dataType":"ValueEntry","value":"{\"_name\":\"BUILTIN_TASK_TOOLCHAIN\",\"_value\":\"\",\"_valueType\":\"string\",\"_hash\":\"e7f94a9422a8bc317a7d90b58efcb5f6\"}"},{"dataType":"ValueEntry","value":"{\"_name\":\"apiType\",\"_value\":\"stageMode\",\"_valueType\":\"string\",\"_hash\":\"699c7565645ea3ea8c88551a4926a3d5\"}"},{"dataType":"ValueEntry","value":"{\"_name\":\"compatibleApiVersion\",\"_value\":9,\"_valueType\":\"number\",\"_hash\":\"8f14da7cda665d5f6676adf8a127634f\"}"},{"dataType":"ValueEntry","value":"{\"_name\":\"compileApiVersion\",\"_value\":9,\"_valueType\":\"number\",\"_hash\":\"cdd5413832c7470f85f225c67a87a683\"}"},{"dataType":"ValueEntry","value":"{\"_name\":\"isSupportOhpmProj\",\"_value\":true,\"_valueType\":\"boolean\",\"_hash\":\"f3a249d7e3f751316e931b8a08b074b4\"}"},{"dataType":"ValueEntry","value":"{\"_name\":\"profileModuleName\",\"_value\":\"entry\",\"_valueType\":\"string\",\"_hash\":\"b174ea6ff5824844dde5ad92f6b3ef2b\"}"},{"dataType":"ValueEntry","value":"{\"_name\":\"sdkToolchainsComponentVersion\",\"_value\":\"3.2.12.2\",\"_valueType\":\"string\",\"_hash\":\"9a43167c0e8940e7afc0fae0079f9201\"}"},{"dataType":"ValueEntry","value":"{\"_name\":\"targetStatusCode\",\"_value\":2,\"_valueType\":\"number\",\"_hash\":\"5a9255c0f4ee50904a9349ebafca8369\"}"}],"_successful":true,"_projectName":"TeamWork","_moduleName":"entry","_taskName":"default@PreBuild","_key":":TeamWork:entry:default@PreBuild","_executionId":":TeamWork:entry:default@PreBuild:1721718361958","_inputFiles":{"dataType":"Map","value":[["D:\\app\\qqdownload\\TeamWork8\\TeamWork8\\TeamWork\\AppScope\\app.json5",{"isDirectory":false,"fileSnapShotHashValue":"4b33f6aec857af90b3f5a2dc17284398"}],["D:\\app\\qqdownload\\TeamWork8\\TeamWork8\\TeamWork\\entry\\src\\main\\module.json5",{"isDirectory":false,"fileSnapShotHashValue":"9277f053029b6e80e958e261b2850ba6"}]]},"_outputFiles":{"dataType":"Map","value":[]}},":TeamWork:entry:default@MergeProfile":{"_inputs":[{"dataType":"ValueEntry","value":"{\"_name\":\"BUILTIN_TASK_COMMAND\",\"_value\":\"\",\"_valueType\":\"string\",\"_hash\":\"0b5d05294fdf4e78e8482ef53eb64ac0\"}"},{"dataType":"ValueEntry","value":"{\"_name\":\"BUILTIN_TASK_ENV\",\"_value\":\"\",\"_valueType\":\"string\",\"_hash\":\"cdcdc2ec8062ca9ec1de46dbf2bbc053\"}"},{"dataType":"ValueEntry","value":"{\"_name\":\"BUILTIN_TASK_TOOLCHAIN\",\"_value\":\"\",\"_valueType\":\"string\",\"_hash\":\"e7f94a9422a8bc317a7d90b58efcb5f6\"}"},{"dataType":"ValueEntry","value":"{\"_name\":\"asanEnable\",\"_value\":false,\"_valueType\":\"boolean\",\"_hash\":\"bc2129ba20a21b7e5234139ede1b4d7b\"}"},{"dataType":"ValueEntry","value":"{\"_name\":\"buildRoot\",\"_value\":\"build\",\"_valueType\":\"string\",\"_hash\":\"4c2dd7bb7507f74001ec27f2936db7f9\"}"},{"dataType":"ValueEntry","value":"{\"_name\":\"compatibleSdkVersion\",\"_value\":9,\"_valueType\":\"number\",\"_hash\":\"789a8631987a2e2b1a03b001c78d0180\"}"},{"dataType":"ValueEntry","value":"{\"_name\":\"isDebug\",\"_value\":true,\"_valueType\":\"boolean\",\"_hash\":\"edbf05a2d2be2c385e75d9565a48d419\"}"},{"dataType":"ValueEntry","value":"{\"_name\":\"isHarModule\",\"_value\":false,\"_valueType\":\"boolean\",\"_hash\":\"a15b7a3ed818faa99a4a10d67f52cb72\"}"},{"dataType":"ValueEntry","value":"{\"_name\":\"multiProjects\",\"_value\":false,\"_valueType\":\"boolean\",\"_hash\":\"555604752defc243b4e4c55d1549fc06\"}"},{"dataType":"ValueEntry","value":"{\"_name\":\"releaseType\",\"_value\":\"Release\",\"_valueType\":\"string\",\"_hash\":\"bbcabdda034e97584f8c36f85b3ec517\"}"},{"dataType":"ValueEntry","value":"{\"_name\":\"targetSdkVersion\",\"_value\":9,\"_valueType\":\"number\",\"_hash\":\"09b2bdc967d8b97f7b9bf4f19735497e\"}"}],"_successful":true,"_projectName":"TeamWork","_moduleName":"entry","_taskName":"default@MergeProfile","_key":":TeamWork:entry:default@MergeProfile","_executionId":":TeamWork:entry:default@MergeProfile:1721893435125","_inputFiles":{"dataType":"Map","value":[["D:\\app\\qqdownload\\TeamWork8\\TeamWork8\\TeamWork\\AppScope\\app.json5",{"fileSnapShotHashValue":"4b33f6aec857af90b3f5a2dc17284398"}],["D:\\app\\qqdownload\\TeamWork8\\TeamWork8\\TeamWork\\entry\\src\\main\\module.json5",{"fileSnapShotHashValue":"9277f053029b6e80e958e261b2850ba6"}]]},"_outputFiles":{"dataType":"Map","value":[["D:\\app\\qqdownload\\TeamWork8\\TeamWork8\\TeamWork\\entry\\build\\default\\intermediates\\merge_profile\\default\\module.json",{"fileSnapShotHashValue":"5a1c2344708068d17fd9f97e947fd994"}]]}},":TeamWork:entry:default@GenerateLoaderJson":{"_inputs":[{"dataType":"ValueEntry","value":"{\"_name\":\"BUILTIN_TASK_COMMAND\",\"_value\":\"\",\"_valueType\":\"string\",\"_hash\":\"0b5d05294fdf4e78e8482ef53eb64ac0\"}"},{"dataType":"ValueEntry","value":"{\"_name\":\"BUILTIN_TASK_ENV\",\"_value\":\"\",\"_valueType\":\"string\",\"_hash\":\"cdcdc2ec8062ca9ec1de46dbf2bbc053\"}"},{"dataType":"ValueEntry","value":"{\"_name\":\"BUILTIN_TASK_TOOLCHAIN\",\"_value\":\"\",\"_valueType\":\"string\",\"_hash\":\"e7f94a9422a8bc317a7d90b58efcb5f6\"}"},{"dataType":"ValueEntry","value":"{\"_name\":\"aotCompileMode\",\"_value\":\"\",\"_valueType\":\"string\",\"_hash\":\"31b66e9c596cc61cb06cdecc08aaeb6c\"}"},{"dataType":"ValueEntry","value":"{\"_name\":\"apPath\",\"_value\":\"\",\"_valueType\":\"string\",\"_hash\":\"dabe59b8be9f1396c43dc319521a0027\"}"},{"dataType":"ValueEntry","value":"{\"_name\":\"compileMode\",\"_value\":\"esmodule\",\"_valueType\":\"string\",\"_hash\":\"dacafc8e0b77a950178a0b4d142dc32c\"}"},{"dataType":"ValueEntry","value":"{\"_name\":\"harNameOhmMap\",\"_value\":\"{}\",\"_valueType\":\"string\",\"_hash\":\"0faf006bccbcdc2c7f04ff2d8c87894f\"}"},{"dataType":"ValueEntry","value":"{\"_name\":\"modulePathMap\",\"_value\":\"{\\\"entry\\\":\\\"D:\\\\\\\\app\\\\\\\\qqdownload\\\\\\\\TeamWork8\\\\\\\\TeamWork8\\\\\\\\TeamWork\\\\\\\\entry\\\"}\",\"_valueType\":\"string\",\"_hash\":\"09ff57e742b4eaa4d05a657ef42dc5db\"}"},{"dataType":"ValueEntry","value":"{\"_name\":\"nodeModulesPath\",\"_value\":\"D:\\\\app\\\\qqdownload\\\\TeamWork8\\\\TeamWork8\\\\TeamWork\\\\entry\\\\build\\\\default\\\\intermediates\\\\loader_out\\\\default\\\\node_modules\",\"_valueType\":\"string\",\"_hash\":\"c4b4aed4bfc1d95e4136318f7de278b2\"}"},{"dataType":"ValueEntry","value":"{\"_name\":\"projectRootPath\",\"_value\":\"D:\\\\app\\\\qqdownload\\\\TeamWork8\\\\TeamWork8\\\\TeamWork\",\"_valueType\":\"string\",\"_hash\":\"232ece5f38ed82c57508120cbe64d63a\"}"},{"dataType":"ValueEntry","value":"{\"_name\":\"targetConfig\",\"_value\":\"{\\\"name\\\":\\\"default\\\",\\\"runtimeOS\\\":\\\"HarmonyOS\\\"}\",\"_valueType\":\"string\",\"_hash\":\"96bcd83382fb082c731eedf7bc0cf1dc\"}"}],"_successful":true,"_projectName":"TeamWork","_moduleName":"entry","_taskName":"default@GenerateLoaderJson","_key":":TeamWork:entry:default@GenerateLoaderJson","_executionId":":TeamWork:entry:default@GenerateLoaderJson:1721893435127","_inputFiles":{"dataType":"Map","value":[]},"_outputFiles":{"dataType":"Map","value":[["D:\\app\\qqdownload\\TeamWork8\\TeamWork8\\TeamWork\\entry\\build\\default\\intermediates\\loader\\default\\loader.json",{"isDirectory":false,"fileSnapShotHashValue":"0c0e22bdbb318b4c0e323b4d321f41e7"}]]}},":TeamWork:entry:default@ProcessProfile":{"_inputs":[{"dataType":"ValueEntry","value":"{\"_name\":\"arkEnable\",\"_value\":true,\"_valueType\":\"boolean\"}"},{"dataType":"ValueEntry","value":"{\"_name\":\"compileMode\",\"_value\":\"esmodule\",\"_valueType\":\"string\"}"},{"dataType":"ValueEntry","value":"{\"_name\":\"deviceTypes\",\"_value\":[\"phone\"],\"_valueType\":\"object\"}"},{"dataType":"ValueEntry","value":"{\"_name\":\"dependency\",\"_value\":\"[]\",\"_valueType\":\"string\"}"},{"dataType":"ValueEntry","value":"{\"_name\":\"BUILTIN_TASK_COMMAND\",\"_value\":\"\",\"_valueType\":\"string\"}"},{"dataType":"ValueEntry","value":"{\"_name\":\"BUILTIN_TASK_TOOLCHAIN\",\"_value\":\"\",\"_valueType\":\"string\"}"},{"dataType":"ValueEntry","value":"{\"_name\":\"BUILTIN_TASK_ENV\",\"_value\":\"\",\"_valueType\":\"string\"}"}],"_successful":true,"_projectName":"TeamWork","_moduleName":"entry","_taskName":"default@ProcessProfile","_key":":TeamWork:entry:default@ProcessProfile","_executionId":":TeamWork:entry:default@ProcessProfile:1721893435133","_inputFiles":{"dataType":"Map","value":[["D:\\app\\qqdownload\\TeamWork8\\TeamWork8\\TeamWork\\entry\\build\\default\\intermediates\\merge_profile\\default\\module.json",{"fileSnapShotHashValue":"5a1c2344708068d17fd9f97e947fd994"}]]},"_outputFiles":{"dataType":"Map","value":[["D:\\app\\qqdownload\\TeamWork8\\TeamWork8\\TeamWork\\entry\\build\\default\\intermediates\\process_profile\\default\\module.json",{"fileSnapShotHashValue":"7086d4ee666a3d7b694a95a527752a9e"}]]}},":TeamWork:entry:default@PreviewProcessResource":{"_inputs":[{"dataType":"ValueEntry","value":"{\"_name\":\"previewCompileResourcesCommand\",\"_value\":\"{\\\"commandList\\\":[\\\"C:\\\\\\\\Users\\\\\\\\lxt52\\\\\\\\AppData\\\\\\\\Local\\\\\\\\Huawei\\\\\\\\Sdk\\\\\\\\openharmony\\\\\\\\9\\\\\\\\toolchains\\\\\\\\restool.exe\\\",\\\"-m\\\",\\\"entry\\\",\\\"-f\\\",\\\"-j\\\",\\\"D:\\\\\\\\app\\\\\\\\qqdownload\\\\\\\\TeamWork8\\\\\\\\TeamWork8\\\\\\\\TeamWork\\\\\\\\entry\\\\\\\\.preview\\\\\\\\default\\\\\\\\intermediates\\\\\\\\process_profile\\\\\\\\default\\\\\\\\module.json\\\",\\\"-p\\\",\\\"com.example.teamwork\\\",\\\"-o\\\",\\\"D:\\\\\\\\app\\\\\\\\qqdownload\\\\\\\\TeamWork8\\\\\\\\TeamWork8\\\\\\\\TeamWork\\\\\\\\entry\\\\\\\\.preview\\\\\\\\default\\\\\\\\intermediates\\\\\\\\res\\\\\\\\default\\\",\\\"-r\\\",\\\"D:\\\\\\\\app\\\\\\\\qqdownload\\\\\\\\TeamWork8\\\\\\\\TeamWork8\\\\\\\\TeamWork\\\\\\\\entry\\\\\\\\.preview\\\\\\\\default\\\\\\\\generated\\\\\\\\r\\\\\\\\default\\\\\\\\ResourceTable.h\\\"],\\\"inputFiles\\\":{\\\"_group\\\":{}},\\\"outputFiles\\\":{\\\"_group\\\":{}},\\\"existsResourceDir\\\":true,\\\"restoolLinkParamObj\\\":{\\\"appScopeResources\\\":\\\"D:\\\\\\\\app\\\\\\\\qqdownload\\\\\\\\TeamWork8\\\\\\\\TeamWork8\\\\\\\\TeamWork\\\\\\\\AppScope\\\\\\\\resources\\\",\\\"moduleResourcesMap\\\":{},\\\"harResourcesMap\\\":{},\\\"outputPath\\\":\\\"D:\\\\\\\\app\\\\\\\\qqdownload\\\\\\\\TeamWork8\\\\\\\\TeamWork8\\\\\\\\TeamWork\\\\\\\\entry\\\\\\\\.preview\\\\\\\\default\\\\\\\\intermediates\\\\\\\\res\\\\\\\\default\\\",\\\"linkCommand\\\":[\\\"C:\\\\\\\\Users\\\\\\\\lxt52\\\\\\\\AppData\\\\\\\\Local\\\\\\\\Huawei\\\\\\\\Sdk\\\\\\\\openharmony\\\\\\\\9\\\\\\\\toolchains\\\\\\\\restool.exe\\\",\\\"-m\\\",\\\"entry\\\",\\\"-f\\\",\\\"-j\\\",\\\"D:\\\\\\\\app\\\\\\\\qqdownload\\\\\\\\TeamWork8\\\\\\\\TeamWork8\\\\\\\\TeamWork\\\\\\\\entry\\\\\\\\.preview\\\\\\\\default\\\\\\\\intermediates\\\\\\\\process_profile\\\\\\\\default\\\\\\\\module.json\\\",\\\"-p\\\",\\\"com.example.teamwork\\\",\\\"-r\\\",\\\"D:\\\\\\\\app\\\\\\\\qqdownload\\\\\\\\TeamWork8\\\\\\\\TeamWork8\\\\\\\\TeamWork\\\\\\\\entry\\\\\\\\.preview\\\\\\\\default\\\\\\\\generated\\\\\\\\r\\\\\\\\default\\\\\\\\ResourceTable.h\\\",\\\"-z\\\"]}}\",\"_valueType\":\"string\"}"},{"dataType":"ValueEntry","value":"{\"_name\":\"BUILTIN_TASK_COMMAND\",\"_value\":\"\",\"_valueType\":\"string\"}"},{"dataType":"ValueEntry","value":"{\"_name\":\"BUILTIN_TASK_TOOLCHAIN\",\"_value\":\"\",\"_valueType\":\"string\"}"},{"dataType":"ValueEntry","value":"{\"_name\":\"BUILTIN_TASK_ENV\",\"_value\":\"\",\"_valueType\":\"string\"}"}],"_successful":true,"_projectName":"TeamWork","_moduleName":"entry","_taskName":"default@PreviewProcessResource","_key":":TeamWork:entry:default@PreviewProcessResource","_executionId":":TeamWork:entry:default@PreviewProcessResource:1721893202725","_inputFiles":{"dataType":"Map","value":[]},"_outputFiles":{"dataType":"Map","value":[["{\"commandList\":[\"C:\\\\Users\\\\lxt52\\\\AppData\\\\Local\\\\Huawei\\\\Sdk\\\\openharmony\\\\9\\\\toolchains\\\\restool.exe\",\"-m\",\"entry\",\"-f\",\"-j\",\"D:\\\\app\\\\qqdownload\\\\TeamWork8\\\\TeamWork8\\\\TeamWork\\\\entry\\\\.preview\\\\default\\\\intermediates\\\\process_profile\\\\default\\\\module.json\",\"-p\",\"com.example.teamwork\",\"-o\",\"D:\\\\app\\\\qqdownload\\\\TeamWork8\\\\TeamWork8\\\\TeamWork\\\\entry\\\\.preview\\\\default\\\\intermediates\\\\res\\\\default\",\"-r\",\"D:\\\\app\\\\qqdownload\\\\TeamWork8\\\\TeamWork8\\\\TeamWork\\\\entry\\\\.preview\\\\default\\\\generated\\\\r\\\\default\\\\ResourceTable.h\"],\"inputFiles\":{\"_group\":{}},\"outputFiles\":{\"_group\":{}},\"existsResourceDir\":true,\"restoolLinkParamObj\":{\"appScopeResources\":\"D:\\\\app\\\\qqdownload\\\\TeamWork8\\\\TeamWork8\\\\TeamWork\\\\AppScope\\\\resources\",\"moduleResourcesMap\":{},\"harResourcesMap\":{},\"outputPath\":\"D:\\\\app\\\\qqdownload\\\\TeamWork8\\\\TeamWork8\\\\TeamWork\\\\entry\\\\.preview\\\\default\\\\intermediates\\\\res\\\\default\",\"linkCommand\":[\"C:\\\\Users\\\\lxt52\\\\AppData\\\\Local\\\\Huawei\\\\Sdk\\\\openharmony\\\\9\\\\toolchains\\\\restool.exe\",\"-m\",\"entry\",\"-f\",\"-j\",\"D:\\\\app\\\\qqdownload\\\\TeamWork8\\\\TeamWork8\\\\TeamWork\\\\entry\\\\.preview\\\\default\\\\intermediates\\\\process_profile\\\\default\\\\module.json\",\"-p\",\"com.example.teamwork\",\"-r\",\"D:\\\\app\\\\qqdownload\\\\TeamWork8\\\\TeamWork8\\\\TeamWork\\\\entry\\\\.preview\\\\default\\\\generated\\\\r\\\\default\\\\ResourceTable.h\",\"-z\"]}}",{"isDirectory":false,"fileSnapShotHashValue":""}]]}},":TeamWork:entry:default@PreviewCompileResource":{"_inputs":[{"dataType":"ValueEntry","value":"{\"_name\":\"PREVIEWER_REPLACE_PAGE\",\"_valueType\":\"undefined\"}"},{"dataType":"ValueEntry","value":"{\"_name\":\"PREVIEWER_REPLACE_SRCPATH\",\"_valueType\":\"undefined\"}"},{"dataType":"ValueEntry","value":"{\"_name\":\"TARGET_CONFIG\",\"_value\":\"{\\\"name\\\":\\\"default\\\",\\\"runtimeOS\\\":\\\"HarmonyOS\\\"}\",\"_valueType\":\"string\"}"},{"dataType":"ValueEntry","value":"{\"_name\":\"BUILTIN_TASK_COMMAND\",\"_value\":\"\",\"_valueType\":\"string\"}"},{"dataType":"ValueEntry","value":"{\"_name\":\"BUILTIN_TASK_TOOLCHAIN\",\"_value\":\"C:\\\\Users\\\\lxt52\\\\AppData\\\\Local\\\\Huawei\\\\Sdk\\\\openharmony\\\\9\\\\toolchains\\\\restool.exe\",\"_valueType\":\"string\"}"},{"dataType":"ValueEntry","value":"{\"_name\":\"BUILTIN_TASK_ENV\",\"_value\":\"\",\"_valueType\":\"string\"}"}],"_successful":true,"_projectName":"TeamWork","_moduleName":"entry","_taskName":"default@PreviewCompileResource","_key":":TeamWork:entry:default@PreviewCompileResource","_executionId":":TeamWork:entry:default@PreviewCompileResource:1721893202728","_inputFiles":{"dataType":"Map","value":[["D:\\app\\qqdownload\\TeamWork8\\TeamWork8\\TeamWork\\entry\\src\\main\\resources",{"fileSnapShotHashValue":"2c62faf89e3473f82218ae03dff0f9d3"}],["D:\\app\\qqdownload\\TeamWork8\\TeamWork8\\TeamWork\\AppScope\\resources",{"fileSnapShotHashValue":"2a41ec05fdf2d1d5d890edb3841750bf"}],["D:\\app\\qqdownload\\TeamWork8\\TeamWork8\\TeamWork\\entry\\.preview\\default\\intermediates\\process_profile\\default\\module.json",{"isDirectory":false,"fileSnapShotHashValue":"2ee7a6cd04cd528384f7fb0e317b00bd"}]]},"_outputFiles":{"dataType":"Map","value":[["D:\\app\\qqdownload\\TeamWork8\\TeamWork8\\TeamWork\\entry\\.preview\\default\\intermediates\\res\\default",{"isDirectory":true,"fileSnapShotHashValue":"3f9a79ef04e5e504f4982ba8c38aeafe"}],["D:\\app\\qqdownload\\TeamWork8\\TeamWork8\\TeamWork\\entry\\.preview\\default\\generated\\r\\default\\ResourceTable.h",{"isDirectory":false,"fileSnapShotHashValue":"352033ac6ed48cb407c99af471103fde"}],["D:\\app\\qqdownload\\TeamWork8\\TeamWork8\\TeamWork\\entry\\.preview\\default\\generated\\r\\default",{"isDirectory":true,"fileSnapShotHashValue":"c1d177a7ad3df6860f82c1eb169cea45"}]]}},":TeamWork:entry:default@PreviewUpdateAssets":{"_inputs":[{"dataType":"ValueEntry","value":"{\"_name\":\"BUILTIN_TASK_COMMAND\",\"_value\":\"\",\"_valueType\":\"string\"}"},{"dataType":"ValueEntry","value":"{\"_name\":\"BUILTIN_TASK_TOOLCHAIN\",\"_value\":\"\",\"_valueType\":\"string\"}"},{"dataType":"ValueEntry","value":"{\"_name\":\"BUILTIN_TASK_ENV\",\"_value\":\"\",\"_valueType\":\"string\"}"}],"_successful":true,"_projectName":"TeamWork","_moduleName":"entry","_taskName":"default@PreviewUpdateAssets","_key":":TeamWork:entry:default@PreviewUpdateAssets","_executionId":":TeamWork:entry:default@PreviewUpdateAssets:1721893202899","_inputFiles":{"dataType":"Map","value":[["D:\\app\\qqdownload\\TeamWork8\\TeamWork8\\TeamWork\\entry\\.preview\\config\\buildConfig.json",{"isDirectory":false,"fileSnapShotHashValue":"c4d251083a99ea9a2c9c2c99107a4863"}]]},"_outputFiles":{"dataType":"Map","value":[["D:\\app\\qqdownload\\TeamWork8\\TeamWork8\\TeamWork\\entry\\.preview\\default\\intermediates\\res\\default\\module.json",{"isDirectory":false,"fileSnapShotHashValue":"a194466ed45f62ba90653fe5933b5a32"}],["D:\\app\\qqdownload\\TeamWork8\\TeamWork8\\TeamWork\\entry\\.preview\\default\\intermediates\\res\\default\\resources\\base\\profile\\main_pages.json",{"isDirectory":false,"fileSnapShotHashValue":"9b782ca3e5197a3b2ec909fbb27d7680"}]]}},":TeamWork:entry:default@PreviewArkTS":{"_inputs":[{"dataType":"ValueEntry","value":"{\"_name\":\"debuggable\",\"_value\":true,\"_valueType\":\"boolean\"}"},{"dataType":"ValueEntry","value":"{\"_name\":\"isArk\",\"_value\":true,\"_valueType\":\"boolean\"}"},{"dataType":"ValueEntry","value":"{\"_name\":\"needCoverageInsert\",\"_value\":false,\"_valueType\":\"boolean\"}"},{"dataType":"ValueEntry","value":"{\"_name\":\"arkTsWdiget\",\"_value\":false,\"_valueType\":\"boolean\"}"},{"dataType":"ValueEntry","value":"{\"_name\":\"BUILTIN_TASK_COMMAND\",\"_value\":\"\",\"_valueType\":\"string\"}"},{"dataType":"ValueEntry","value":"{\"_name\":\"BUILTIN_TASK_TOOLCHAIN\",\"_value\":\"\",\"_valueType\":\"string\"}"},{"dataType":"ValueEntry","value":"{\"_name\":\"BUILTIN_TASK_ENV\",\"_value\":\"\",\"_valueType\":\"string\"}"}],"_successful":true,"_projectName":"TeamWork","_moduleName":"entry","_taskName":"default@PreviewArkTS","_key":":TeamWork:entry:default@PreviewArkTS","_executionId":":TeamWork:entry:default@PreviewArkTS:1721893202902","_inputFiles":{"dataType":"Map","value":[["D:\\app\\qqdownload\\TeamWork8\\TeamWork8\\TeamWork\\entry\\.preview\\default\\intermediates\\loader\\default",{"isDirectory":true,"fileSnapShotHashValue":"ee691a59cfe35bfabf651c933ccdd223"}],["D:\\app\\qqdownload\\TeamWork8\\TeamWork8\\TeamWork\\entry\\.preview\\default\\intermediates\\res\\default\\module.json",{"fileSnapShotHashValue":"a194466ed45f62ba90653fe5933b5a32"}],["D:\\app\\qqdownload\\TeamWork8\\TeamWork8\\TeamWork\\entry\\.preview\\default\\intermediates\\res\\default\\ResourceTable.txt",{"fileSnapShotHashValue":"cf1a0e355c8158fea13684b3f839a502"}],["D:\\app\\qqdownload\\TeamWork8\\TeamWork8\\TeamWork\\entry\\.preview\\default\\intermediates\\res\\default\\resources\\base\\profile",{"isDirectory":true,"fileSnapShotHashValue":"a090cbdeac73006239340d800a7ab1a9"}],["D:\\app\\qqdownload\\TeamWork8\\TeamWork8\\TeamWork\\entry\\src\\main\\ets",{"isDirectory":true,"fileSnapShotHashValue":"3cc6f1b11bc624bc082a0c0a3859f3f2"}]]},"_outputFiles":{"dataType":"Map","value":[["D:\\app\\qqdownload\\TeamWork8\\TeamWork8\\TeamWork\\entry\\.preview\\default\\intermediates\\loader_out\\default\\ets",{"isDirectory":true,"fileSnapShotHashValue":""}]]}},":TeamWork:entry:default@MakePackInfo":{"_inputs":[{"dataType":"ValueEntry","value":"{\"_name\":\"BUILTIN_TASK_COMMAND\",\"_value\":\"\",\"_valueType\":\"string\",\"_hash\":\"0b5d05294fdf4e78e8482ef53eb64ac0\"}"},{"dataType":"ValueEntry","value":"{\"_name\":\"BUILTIN_TASK_ENV\",\"_value\":\"\",\"_valueType\":\"string\",\"_hash\":\"cdcdc2ec8062ca9ec1de46dbf2bbc053\"}"},{"dataType":"ValueEntry","value":"{\"_name\":\"BUILTIN_TASK_TOOLCHAIN\",\"_value\":\"\",\"_valueType\":\"string\",\"_hash\":\"e7f94a9422a8bc317a7d90b58efcb5f6\"}"},{"dataType":"ValueEntry","value":"{\"_name\":\"compatibleSdkVersion\",\"_value\":9,\"_valueType\":\"number\",\"_hash\":\"789a8631987a2e2b1a03b001c78d0180\"}"},{"dataType":"ValueEntry","value":"{\"_name\":\"compileSdkVersion\",\"_value\":9,\"_valueType\":\"number\",\"_hash\":\"3d4d5df63426ff238569b8e54a6b76e3\"}"},{"dataType":"ValueEntry","value":"{\"_name\":\"deviceTypes\",\"_value\":[\"phone\"],\"_valueType\":\"object\",\"_hash\":\"bad57feb108b0c386255b211cb9b3622\"}"},{"dataType":"ValueEntry","value":"{\"_name\":\"releaseType\",\"_value\":\"Release\",\"_valueType\":\"string\",\"_hash\":\"bbcabdda034e97584f8c36f85b3ec517\"}"}],"_successful":true,"_projectName":"TeamWork","_moduleName":"entry","_taskName":"default@MakePackInfo","_key":":TeamWork:entry:default@MakePackInfo","_executionId":":TeamWork:entry:default@MakePackInfo:1721891614990","_inputFiles":{"dataType":"Map","value":[["D:\\app\\qqdownload\\TeamWork8\\TeamWork8\\TeamWork\\AppScope\\app.json5",{"fileSnapShotHashValue":"4b33f6aec857af90b3f5a2dc17284398"}],["D:\\app\\qqdownload\\TeamWork8\\TeamWork8\\TeamWork\\entry\\src\\main\\module.json5",{"fileSnapShotHashValue":"9277f053029b6e80e958e261b2850ba6"}]]},"_outputFiles":{"dataType":"Map","value":[["D:\\app\\qqdownload\\TeamWork8\\TeamWork8\\TeamWork\\entry\\build\\default\\outputs\\default\\pack.info",{"fileSnapShotHashValue":"676a74dd17037ab7ae87ed8d5c782c18"}]]}},":TeamWork:entry:default@ProcessResource":{"_inputs":[{"dataType":"ValueEntry","value":"{\"_name\":\"BUILTIN_TASK_COMMAND\",\"_value\":\"\",\"_valueType\":\"string\",\"_hash\":\"0b5d05294fdf4e78e8482ef53eb64ac0\"}"},{"dataType":"ValueEntry","value":"{\"_name\":\"BUILTIN_TASK_ENV\",\"_value\":\"\",\"_valueType\":\"string\",\"_hash\":\"cdcdc2ec8062ca9ec1de46dbf2bbc053\"}"},{"dataType":"ValueEntry","value":"{\"_name\":\"BUILTIN_TASK_TOOLCHAIN\",\"_value\":\"\",\"_valueType\":\"string\",\"_hash\":\"e7f94a9422a8bc317a7d90b58efcb5f6\"}"},{"dataType":"ValueEntry","value":"{\"_name\":\"resConfigJsonContent\",\"_value\":\"{\\\"configPath\\\":\\\"D:\\\\\\\\app\\\\\\\\qqdownload\\\\\\\\TeamWork8\\\\\\\\TeamWork8\\\\\\\\TeamWork\\\\\\\\entry\\\\\\\\build\\\\\\\\default\\\\\\\\intermediates\\\\\\\\process_profile\\\\\\\\default\\\\\\\\module.json\\\",\\\"packageName\\\":\\\"com.example.teamwork\\\",\\\"output\\\":\\\"D:\\\\\\\\app\\\\\\\\qqdownload\\\\\\\\TeamWork8\\\\\\\\TeamWork8\\\\\\\\TeamWork\\\\\\\\entry\\\\\\\\build\\\\\\\\default\\\\\\\\intermediates\\\\\\\\res\\\\\\\\default\\\",\\\"moduleNames\\\":\\\"entry\\\",\\\"ResourceTable\\\":[\\\"D:\\\\\\\\app\\\\\\\\qqdownload\\\\\\\\TeamWork8\\\\\\\\TeamWork8\\\\\\\\TeamWork\\\\\\\\entry\\\\\\\\build\\\\\\\\default\\\\\\\\generated\\\\\\\\r\\\\\\\\default\\\\\\\\ResourceTable.h\\\"],\\\"applicationResource\\\":\\\"D:\\\\\\\\app\\\\\\\\qqdownload\\\\\\\\TeamWork8\\\\\\\\TeamWork8\\\\\\\\TeamWork\\\\\\\\AppScope\\\\\\\\resources\\\",\\\"moduleResources\\\":[\\\"D:\\\\\\\\app\\\\\\\\qqdownload\\\\\\\\TeamWork8\\\\\\\\TeamWork8\\\\\\\\TeamWork\\\\\\\\entry\\\\\\\\src\\\\\\\\main\\\\\\\\resources\\\"],\\\"dependencies\\\":[]}\",\"_valueType\":\"string\",\"_hash\":\"f1716a88adb725ee6bcb2a0086c12bc6\"}"}],"_successful":true,"_projectName":"TeamWork","_moduleName":"entry","_taskName":"default@ProcessResource","_key":":TeamWork:entry:default@ProcessResource","_executionId":":TeamWork:entry:default@ProcessResource:1721891615112","_inputFiles":{"dataType":"Map","value":[]},"_outputFiles":{"dataType":"Map","value":[["D:\\app\\qqdownload\\TeamWork8\\TeamWork8\\TeamWork\\entry\\build\\default\\intermediates\\res\\default\\resConfig.json",{"isDirectory":false,"fileSnapShotHashValue":"2f5f77c5204e89aebb9d3aae8071958b"}]]}},":TeamWork:entry:default@ProcessLibs":{"_inputs":[{"dataType":"ValueEntry","value":"{\"_name\":\"BUILTIN_TASK_COMMAND\",\"_value\":\"\",\"_valueType\":\"string\",\"_hash\":\"0b5d05294fdf4e78e8482ef53eb64ac0\"}"},{"dataType":"ValueEntry","value":"{\"_name\":\"BUILTIN_TASK_ENV\",\"_value\":\"\",\"_valueType\":\"string\",\"_hash\":\"cdcdc2ec8062ca9ec1de46dbf2bbc053\"}"},{"dataType":"ValueEntry","value":"{\"_name\":\"BUILTIN_TASK_TOOLCHAIN\",\"_value\":\"\",\"_valueType\":\"string\",\"_hash\":\"e7f94a9422a8bc317a7d90b58efcb5f6\"}"}],"_successful":true,"_projectName":"TeamWork","_moduleName":"entry","_taskName":"default@ProcessLibs","_key":":TeamWork:entry:default@ProcessLibs","_executionId":":TeamWork:entry:default@ProcessLibs:1721891615114","_inputFiles":{"dataType":"Map","value":[]},"_outputFiles":{"dataType":"Map","value":[["D:\\app\\qqdownload\\TeamWork8\\TeamWork8\\TeamWork\\entry\\build\\default\\intermediates\\libs\\default",{"isDirectory":true,"fileSnapShotHashValue":""}]]}},":TeamWork:entry:default@CompileResource":{"_inputs":[{"dataType":"ValueEntry","value":"{\"_name\":\"TARGET_CONFIG\",\"_value\":\"{\\\"name\\\":\\\"default\\\",\\\"runtimeOS\\\":\\\"HarmonyOS\\\"}\",\"_valueType\":\"string\"}"},{"dataType":"ValueEntry","value":"{\"_name\":\"BUILTIN_TASK_COMMAND\",\"_value\":\"C:\\\\Users\\\\lxt52\\\\AppData\\\\Local\\\\Huawei\\\\Sdk\\\\openharmony\\\\9\\\\toolchains\\\\restool.exe,-l,D:\\\\app\\\\qqdownload\\\\TeamWork8\\\\TeamWork8\\\\TeamWork\\\\entry\\\\build\\\\default\\\\intermediates\\\\res\\\\default\\\\resConfig.json\",\"_valueType\":\"string\"}"},{"dataType":"ValueEntry","value":"{\"_name\":\"BUILTIN_TASK_TOOLCHAIN\",\"_value\":\"C:\\\\Users\\\\lxt52\\\\AppData\\\\Local\\\\Huawei\\\\Sdk\\\\openharmony\\\\9\\\\toolchains\\\\restool.exe\",\"_valueType\":\"string\"}"},{"dataType":"ValueEntry","value":"{\"_name\":\"BUILTIN_TASK_ENV\",\"_value\":\"\",\"_valueType\":\"string\"}"}],"_successful":true,"_projectName":"TeamWork","_moduleName":"entry","_taskName":"default@CompileResource","_key":":TeamWork:entry:default@CompileResource","_executionId":":TeamWork:entry:default@CompileResource:1721893435197","_inputFiles":{"dataType":"Map","value":[["D:\\app\\qqdownload\\TeamWork8\\TeamWork8\\TeamWork\\entry\\src\\main\\resources",{"fileSnapShotHashValue":"2c62faf89e3473f82218ae03dff0f9d3"}],["D:\\app\\qqdownload\\TeamWork8\\TeamWork8\\TeamWork\\AppScope\\resources",{"fileSnapShotHashValue":"2a41ec05fdf2d1d5d890edb3841750bf"}],["D:\\app\\qqdownload\\TeamWork8\\TeamWork8\\TeamWork\\entry\\build\\default\\intermediates\\process_profile\\default\\module.json",{"isDirectory":false,"fileSnapShotHashValue":"7086d4ee666a3d7b694a95a527752a9e"}],["D:\\app\\qqdownload\\TeamWork8\\TeamWork8\\TeamWork\\entry\\build\\default\\intermediates\\res\\default\\resConfig.json",{"isDirectory":false,"fileSnapShotHashValue":"2f5f77c5204e89aebb9d3aae8071958b"}]]},"_outputFiles":{"dataType":"Map","value":[["D:\\app\\qqdownload\\TeamWork8\\TeamWork8\\TeamWork\\entry\\build\\default\\intermediates\\res\\default",{"isDirectory":true,"fileSnapShotHashValue":"b3f54b64a0c40b3589ec252b43dca9c5"}],["D:\\app\\qqdownload\\TeamWork8\\TeamWork8\\TeamWork\\entry\\build\\default\\generated\\r\\default\\ResourceTable.h",{"isDirectory":false,"fileSnapShotHashValue":"0288f01602471c57b0467f7c66d0ec10"}],["D:\\app\\qqdownload\\TeamWork8\\TeamWork8\\TeamWork\\entry\\build\\default\\generated\\r\\default",{"isDirectory":true,"fileSnapShotHashValue":"6c573b4c956b733e2927794ad987dc99"}]]}},":TeamWork:entry:default@CompileArkTS":{"_inputs":[{"dataType":"ValueEntry","value":"{\"_name\":\"debuggable\",\"_value\":true,\"_valueType\":\"boolean\"}"},{"dataType":"ValueEntry","value":"{\"_name\":\"isArk\",\"_value\":true,\"_valueType\":\"boolean\"}"},{"dataType":"ValueEntry","value":"{\"_name\":\"needCoverageInsert\",\"_value\":false,\"_valueType\":\"boolean\"}"},{"dataType":"ValueEntry","value":"{\"_name\":\"arkTsWdiget\",\"_value\":false,\"_valueType\":\"boolean\"}"},{"dataType":"ValueEntry","value":"{\"_name\":\"BUILTIN_TASK_COMMAND\",\"_value\":\"\",\"_valueType\":\"string\"}"},{"dataType":"ValueEntry","value":"{\"_name\":\"BUILTIN_TASK_TOOLCHAIN\",\"_value\":\"\",\"_valueType\":\"string\"}"},{"dataType":"ValueEntry","value":"{\"_name\":\"BUILTIN_TASK_ENV\",\"_value\":\"\",\"_valueType\":\"string\"}"}],"_successful":true,"_projectName":"TeamWork","_moduleName":"entry","_taskName":"default@CompileArkTS","_key":":TeamWork:entry:default@CompileArkTS","_executionId":":TeamWork:entry:default@CompileArkTS:1721893435272","_inputFiles":{"dataType":"Map","value":[["D:\\app\\qqdownload\\TeamWork8\\TeamWork8\\TeamWork\\entry\\build\\default\\intermediates\\loader\\default",{"isDirectory":true,"fileSnapShotHashValue":"8f093c26b60fb195ee7cd6cefd15ab82"}],["D:\\app\\qqdownload\\TeamWork8\\TeamWork8\\TeamWork\\entry\\build\\default\\intermediates\\res\\default\\module.json",{"fileSnapShotHashValue":"433417e28261e9967cd610135df8b3e0"}],["D:\\app\\qqdownload\\TeamWork8\\TeamWork8\\TeamWork\\entry\\build\\default\\intermediates\\res\\default\\ResourceTable.txt",{"fileSnapShotHashValue":"cf6240a6843948b0724eec04b4dcaa22"}],["D:\\app\\qqdownload\\TeamWork8\\TeamWork8\\TeamWork\\entry\\build\\default\\intermediates\\res\\default\\resources\\base\\profile",{"isDirectory":true,"fileSnapShotHashValue":"8196c452a74719a26f6c99da043b6779"}],["D:\\app\\qqdownload\\TeamWork8\\TeamWork8\\TeamWork\\entry\\src\\main\\ets",{"isDirectory":true,"fileSnapShotHashValue":"3cc6f1b11bc624bc082a0c0a3859f3f2"}]]},"_outputFiles":{"dataType":"Map","value":[["D:\\app\\qqdownload\\TeamWork8\\TeamWork8\\TeamWork\\entry\\build\\default\\intermediates\\loader_out\\default\\ets",{"isDirectory":true,"fileSnapShotHashValue":"794a4bb9ab450f8c86f884ef3ff0b1eb"}]]}},":TeamWork:entry:default@CompileJS":{"_inputs":[{"dataType":"ValueEntry","value":"{\"_name\":\"debuggable\",\"_value\":true,\"_valueType\":\"boolean\"}"},{"dataType":"ValueEntry","value":"{\"_name\":\"isArk\",\"_value\":true,\"_valueType\":\"boolean\"}"},{"dataType":"ValueEntry","value":"{\"_name\":\"needCoverageInsert\",\"_value\":false,\"_valueType\":\"boolean\"}"},{"dataType":"ValueEntry","value":"{\"_name\":\"BUILTIN_TASK_COMMAND\",\"_value\":\"\",\"_valueType\":\"string\"}"},{"dataType":"ValueEntry","value":"{\"_name\":\"BUILTIN_TASK_TOOLCHAIN\",\"_value\":\"\",\"_valueType\":\"string\"}"},{"dataType":"ValueEntry","value":"{\"_name\":\"BUILTIN_TASK_ENV\",\"_value\":\"\",\"_valueType\":\"string\"}"}],"_successful":true,"_projectName":"TeamWork","_moduleName":"entry","_taskName":"default@CompileJS","_key":":TeamWork:entry:default@CompileJS","_executionId":":TeamWork:entry:default@CompileJS:1721893435277","_inputFiles":{"dataType":"Map","value":[["D:\\app\\qqdownload\\TeamWork8\\TeamWork8\\TeamWork\\entry\\build\\default\\intermediates\\loader\\default",{"isDirectory":true,"fileSnapShotHashValue":"8f093c26b60fb195ee7cd6cefd15ab82"}],["D:\\app\\qqdownload\\TeamWork8\\TeamWork8\\TeamWork\\entry\\build\\default\\intermediates\\res\\default\\module.json",{"fileSnapShotHashValue":"433417e28261e9967cd610135df8b3e0"}],["D:\\app\\qqdownload\\TeamWork8\\TeamWork8\\TeamWork\\entry\\build\\default\\intermediates\\res\\default\\ResourceTable.txt",{"fileSnapShotHashValue":"cf6240a6843948b0724eec04b4dcaa22"}],["D:\\app\\qqdownload\\TeamWork8\\TeamWork8\\TeamWork\\entry\\build\\default\\intermediates\\res\\default\\resources\\base\\profile",{"isDirectory":true,"fileSnapShotHashValue":"8196c452a74719a26f6c99da043b6779"}]]},"_outputFiles":{"dataType":"Map","value":[["D:\\app\\qqdownload\\TeamWork8\\TeamWork8\\TeamWork\\entry\\build\\default\\intermediates\\loader_out\\default\\js",{"isDirectory":true,"fileSnapShotHashValue":""}]]}},":TeamWork:entry:default@PackageHap":{"_inputs":[{"dataType":"ValueEntry","value":"{\"_name\":\"hotReload\",\"_value\":false,\"_valueType\":\"boolean\"}"},{"dataType":"ValueEntry","value":"{\"_name\":\"BUILTIN_TASK_COMMAND\",\"_value\":\"java,-Dfile.encoding=utf-8,-jar,C:\\\\Users\\\\lxt52\\\\AppData\\\\Local\\\\Huawei\\\\Sdk\\\\openharmony\\\\9\\\\toolchains\\\\lib\\\\app_packing_tool.jar,--mode,hap,--force,true,--lib-path,D:\\\\app\\\\qqdownload\\\\TeamWork8\\\\TeamWork8\\\\TeamWork\\\\entry\\\\build\\\\default\\\\intermediates\\\\libs\\\\default,--json-path,D:\\\\app\\\\qqdownload\\\\TeamWork8\\\\TeamWork8\\\\TeamWork\\\\entry\\\\build\\\\default\\\\intermediates\\\\res\\\\default\\\\module.json,--resources-path,D:\\\\app\\\\qqdownload\\\\TeamWork8\\\\TeamWork8\\\\TeamWork\\\\entry\\\\build\\\\default\\\\intermediates\\\\res\\\\default\\\\resources,--index-path,D:\\\\app\\\\qqdownload\\\\TeamWork8\\\\TeamWork8\\\\TeamWork\\\\entry\\\\build\\\\default\\\\intermediates\\\\res\\\\default\\\\resources.index,--pack-info-path,D:\\\\app\\\\qqdownload\\\\TeamWork8\\\\TeamWork8\\\\TeamWork\\\\entry\\\\build\\\\default\\\\outputs\\\\default\\\\pack.info,--out-path,D:\\\\app\\\\qqdownload\\\\TeamWork8\\\\TeamWork8\\\\TeamWork\\\\entry\\\\build\\\\default\\\\outputs\\\\default\\\\entry-default-unsigned.hap,--ets-path,D:\\\\app\\\\qqdownload\\\\TeamWork8\\\\TeamWork8\\\\TeamWork\\\\entry\\\\build\\\\default\\\\intermediates\\\\loader_out\\\\default\\\\ets\",\"_valueType\":\"string\"}"},{"dataType":"ValueEntry","value":"{\"_name\":\"BUILTIN_TASK_TOOLCHAIN\",\"_value\":\"C:\\\\Users\\\\lxt52\\\\AppData\\\\Local\\\\Huawei\\\\Sdk\\\\openharmony\\\\9\\\\toolchains\\\\lib\\\\app_packing_tool.jar\",\"_valueType\":\"string\"}"},{"dataType":"ValueEntry","value":"{\"_name\":\"BUILTIN_TASK_ENV\",\"_value\":\"\",\"_valueType\":\"string\"}"}],"_successful":true,"_projectName":"TeamWork","_moduleName":"entry","_taskName":"default@PackageHap","_key":":TeamWork:entry:default@PackageHap","_executionId":":TeamWork:entry:default@PackageHap:1721893438051","_inputFiles":{"dataType":"Map","value":[["D:\\app\\qqdownload\\TeamWork8\\TeamWork8\\TeamWork\\entry\\build\\default\\intermediates\\libs\\default",{"isDirectory":false,"fileSnapShotHashValue":""}],["D:\\app\\qqdownload\\TeamWork8\\TeamWork8\\TeamWork\\entry\\build\\default\\intermediates\\res\\default\\module.json",{"isDirectory":false,"fileSnapShotHashValue":"433417e28261e9967cd610135df8b3e0"}],["D:\\app\\qqdownload\\TeamWork8\\TeamWork8\\TeamWork\\entry\\build\\default\\intermediates\\res\\default\\resources",{"isDirectory":false,"fileSnapShotHashValue":"6245773530d58afd164773058880d9fc"}],["D:\\app\\qqdownload\\TeamWork8\\TeamWork8\\TeamWork\\entry\\build\\default\\intermediates\\res\\default\\resources.index",{"isDirectory":false,"fileSnapShotHashValue":"5645dc1cf2d2e3faf65c7afde61e658c"}],["D:\\app\\qqdownload\\TeamWork8\\TeamWork8\\TeamWork\\entry\\build\\default\\outputs\\default\\pack.info",{"isDirectory":false,"fileSnapShotHashValue":"676a74dd17037ab7ae87ed8d5c782c18"}],["D:\\app\\qqdownload\\TeamWork8\\TeamWork8\\TeamWork\\entry\\build\\default\\intermediates\\loader_out\\default\\ets",{"isDirectory":false,"fileSnapShotHashValue":"794a4bb9ab450f8c86f884ef3ff0b1eb"}]]},"_outputFiles":{"dataType":"Map","value":[["D:\\app\\qqdownload\\TeamWork8\\TeamWork8\\TeamWork\\entry\\build\\default\\outputs\\default\\entry-default-unsigned.hap",{"isDirectory":false,"fileSnapShotHashValue":"0d8a347e25a73af9b0018796099cd9dd"}]]}},":TeamWork:entry:default@SignHap":{"_inputs":[{"dataType":"ValueEntry","value":"{\"_name\":\"sdkToolchainsComponentVersion\",\"_value\":\"3.2.12.2\",\"_valueType\":\"string\"}"},{"dataType":"ValueEntry","value":"{\"_name\":\"existSigningConfig\",\"_value\":false,\"_valueType\":\"boolean\"}"},{"dataType":"ValueEntry","value":"{\"_name\":\"BUILTIN_TASK_COMMAND\",\"_value\":\"\",\"_valueType\":\"string\"}"},{"dataType":"ValueEntry","value":"{\"_name\":\"BUILTIN_TASK_TOOLCHAIN\",\"_value\":\"\",\"_valueType\":\"string\"}"},{"dataType":"ValueEntry","value":"{\"_name\":\"BUILTIN_TASK_ENV\",\"_value\":\"\",\"_valueType\":\"string\"}"}],"_successful":true,"_projectName":"TeamWork","_moduleName":"entry","_taskName":"default@SignHap","_key":":TeamWork:entry:default@SignHap","_executionId":":TeamWork:entry:default@SignHap:1721893438547","_inputFiles":{"dataType":"Map","value":[["D:\\app\\qqdownload\\TeamWork8\\TeamWork8\\TeamWork\\entry\\build\\default\\outputs\\default\\entry-default-unsigned.hap",{"isDirectory":false,"fileSnapShotHashValue":"0d8a347e25a73af9b0018796099cd9dd"}]]},"_outputFiles":{"dataType":"Map","value":[["D:\\app\\qqdownload\\TeamWork8\\TeamWork8\\TeamWork\\entry\\build\\default\\outputs\\default\\entry-default-signed.hap",{"isDirectory":false,"fileSnapShotHashValue":""}]]}}}