{
  "version": "1.0",
  "workerIdList": [
    -1,
    2,
    0
  ],
  "metrics": [
    {
      "type": "build_line",
      "endTime": 1721885462482,
      "status": "closed",
      "children": [],
      "name": "overallTime",
      "taskName": "init",
      "taskPath": "entry",
      "workerId": -1,
      "startTime": 1721885462481
    },
    {
      "type": "build_line",
      "endTime": 1721885462484,
      "status": "closed",
      "children": [],
      "name": "overallTime",
      "taskName": "init",
      "taskPath": "TeamWork",
      "workerId": -1,
      "startTime": 1721885462484
    },
    {
      "type": "build_line",
      "endTime": 1721885473239,
      "status": "closed",
      "children": [],
      "name": "overallTime",
      "taskName": "default@PreBuild",
      "taskPath": "entry",
      "workerId": -1,
      "startTime": 1721885473236
    },
    {
      "type": "build_line",
      "endTime": 1721885473243,
      "status": "closed",
      "children": [],
      "name": "overallTime",
      "taskName": "default@MergeProfile",
      "taskPath": "entry",
      "workerId": -1,
      "startTime": 1721885473240
    },
    {
      "type": "build_line",
      "endTime": 1721885473244,
      "status": "closed",
      "children": [],
      "name": "overallTime",
      "taskName": "default@GenerateLoaderJson",
      "taskPath": "entry",
      "workerId": -1,
      "startTime": 1721885473243
    },
    {
      "type": "build_line",
      "endTime": 1721885473248,
      "status": "closed",
      "children": [],
      "name": "overallTime",
      "taskName": "default@ProcessProfile",
      "taskPath": "entry",
      "workerId": -1,
      "startTime": 1721885473247
    },
    {
      "type": "build_line",
      "endTime": 1721885473261,
      "status": "closed",
      "children": [],
      "name": "overallTime",
      "taskName": "default@PreviewProcessResource",
      "taskPath": "entry",
      "workerId": -1,
      "startTime": 1721885473249
    },
    {
      "type": "build_line",
      "endTime": 1721885473600,
      "status": "closed",
      "children": [],
      "name": "overallTime",
      "taskName": "default@PreviewCompileResource",
      "taskPath": "entry",
      "workerId": -1,
      "startTime": 1721885473264
    },
    {
      "type": "build_line",
      "endTime": 1721885473602,
      "status": "closed",
      "children": [],
      "name": "overallTime",
      "taskName": "default@PreviewHookCompileResource",
      "taskPath": "entry",
      "workerId": -1,
      "startTime": 1721885473601
    },
    {
      "type": "build_line",
      "endTime": 1721885473620,
      "status": "closed",
      "children": [],
      "name": "overallTime",
      "taskName": "default@ReplacePreviewerPage",
      "taskPath": "entry",
      "workerId": -1,
      "startTime": 1721885473616
    },
    {
      "type": "build_line",
      "endTime": 1721885473620,
      "status": "closed",
      "children": [],
      "name": "overallTime",
      "taskName": "buildPreviewerResource",
      "taskPath": "entry",
      "workerId": -1,
      "startTime": 1721885473620
    },
    {
      "type": "build_line",
      "endTime": 1721885473633,
      "status": "closed",
      "children": [],
      "name": "overallTime",
      "taskName": "default@PreviewUpdateAssets",
      "taskPath": "entry",
      "workerId": -1,
      "startTime": 1721885473632
    },
    {
      "type": "build_line",
      "endTime": 1721885489071,
      "status": "closed",
      "children": [],
      "name": "overallTime",
      "taskName": "default@PreviewArkTS",
      "taskPath": "entry",
      "workerId": -1,
      "startTime": 1721885473634
    },
    {
      "type": "build_line",
      "endTime": 1721885489074,
      "status": "closed",
      "children": [],
      "name": "overallTime",
      "taskName": "PreviewBuild",
      "taskPath": "entry",
      "workerId": -1,
      "startTime": 1721885489074
    },
    {
      "type": "build_line",
      "endTime": 1721885563154,
      "status": "closed",
      "children": [],
      "name": "overallTime",
      "taskName": "default@PreBuild",
      "taskPath": "entry",
      "workerId": -1,
      "startTime": 1721885563153
    },
    {
      "type": "build_line",
      "endTime": 1721885563157,
      "status": "closed",
      "children": [],
      "name": "overallTime",
      "taskName": "default@MergeProfile",
      "taskPath": "entry",
      "workerId": -1,
      "startTime": 1721885563155
    },
    {
      "type": "build_line",
      "endTime": 1721885563160,
      "status": "closed",
      "children": [],
      "name": "overallTime",
      "taskName": "default@GenerateLoaderJson",
      "taskPath": "entry",
      "workerId": -1,
      "startTime": 1721885563158
    },
    {
      "type": "build_line",
      "endTime": 1721885563163,
      "status": "closed",
      "children": [],
      "name": "overallTime",
      "taskName": "default@ProcessProfile",
      "taskPath": "entry",
      "workerId": -1,
      "startTime": 1721885563162
    },
    {
      "type": "build_line",
      "endTime": 1721885563168,
      "status": "closed",
      "children": [],
      "name": "overallTime",
      "taskName": "default@PreviewProcessResource",
      "taskPath": "entry",
      "workerId": -1,
      "startTime": 1721885563166
    },
    {
      "type": "build_line",
      "endTime": 1721885563184,
      "status": "closed",
      "children": [],
      "name": "overallTime",
      "taskName": "default@PreviewCompileResource",
      "taskPath": "entry",
      "workerId": -1,
      "startTime": 1721885563172
    },
    {
      "type": "build_line",
      "endTime": 1721885563185,
      "status": "closed",
      "children": [],
      "name": "overallTime",
      "taskName": "default@PreviewHookCompileResource",
      "taskPath": "entry",
      "workerId": -1,
      "startTime": 1721885563185
    },
    {
      "type": "build_line",
      "endTime": 1721885563189,
      "status": "closed",
      "children": [],
      "name": "overallTime",
      "taskName": "default@ReplacePreviewerPage",
      "taskPath": "entry",
      "workerId": -1,
      "startTime": 1721885563187
    },
    {
      "type": "build_line",
      "endTime": 1721885563190,
      "status": "closed",
      "children": [],
      "name": "overallTime",
      "taskName": "buildPreviewerResource",
      "taskPath": "entry",
      "workerId": -1,
      "startTime": 1721885563190
    },
    {
      "type": "build_line",
      "endTime": 1721885563204,
      "status": "closed",
      "children": [],
      "name": "overallTime",
      "taskName": "default@PreviewUpdateAssets",
      "taskPath": "entry",
      "workerId": -1,
      "startTime": 1721885563203
    },
    {
      "type": "build_line",
      "endTime": 1721885565987,
      "status": "closed",
      "children": [],
      "name": "overallTime",
      "taskName": "default@PreviewArkTS",
      "taskPath": "entry",
      "workerId": -1,
      "startTime": 1721885563204
    },
    {
      "type": "build_line",
      "endTime": 1721885565988,
      "status": "closed",
      "children": [],
      "name": "overallTime",
      "taskName": "PreviewBuild",
      "taskPath": "entry",
      "workerId": -1,
      "startTime": 1721885565988
    },
    {
      "type": "build_line",
      "endTime": 1721885611402,
      "status": "closed",
      "children": [],
      "name": "overallTime",
      "taskName": "default@PreBuild",
      "taskPath": "entry",
      "workerId": -1,
      "startTime": 1721885611401
    },
    {
      "type": "build_line",
      "endTime": 1721885611406,
      "status": "closed",
      "children": [],
      "name": "overallTime",
      "taskName": "default@MergeProfile",
      "taskPath": "entry",
      "workerId": -1,
      "startTime": 1721885611404
    },
    {
      "type": "build_line",
      "endTime": 1721885611409,
      "status": "closed",
      "children": [],
      "name": "overallTime",
      "taskName": "default@GenerateLoaderJson",
      "taskPath": "entry",
      "workerId": -1,
      "startTime": 1721885611408
    },
    {
      "type": "build_line",
      "endTime": 1721885611411,
      "status": "closed",
      "children": [],
      "name": "overallTime",
      "taskName": "default@ProcessProfile",
      "taskPath": "entry",
      "workerId": -1,
      "startTime": 1721885611411
    },
    {
      "type": "build_line",
      "endTime": 1721885611415,
      "status": "closed",
      "children": [],
      "name": "overallTime",
      "taskName": "default@PreviewProcessResource",
      "taskPath": "entry",
      "workerId": -1,
      "startTime": 1721885611413
    },
    {
      "type": "build_line",
      "endTime": 1721885611570,
      "status": "closed",
      "children": [],
      "name": "overallTime",
      "taskName": "default@PreviewCompileResource",
      "taskPath": "entry",
      "workerId": -1,
      "startTime": 1721885611418
    },
    {
      "type": "build_line",
      "endTime": 1721885611571,
      "status": "closed",
      "children": [],
      "name": "overallTime",
      "taskName": "default@PreviewHookCompileResource",
      "taskPath": "entry",
      "workerId": -1,
      "startTime": 1721885611570
    },
    {
      "type": "build_line",
      "endTime": 1721885611575,
      "status": "closed",
      "children": [],
      "name": "overallTime",
      "taskName": "default@ReplacePreviewerPage",
      "taskPath": "entry",
      "workerId": -1,
      "startTime": 1721885611572
    },
    {
      "type": "build_line",
      "endTime": 1721885611575,
      "status": "closed",
      "children": [],
      "name": "overallTime",
      "taskName": "buildPreviewerResource",
      "taskPath": "entry",
      "workerId": -1,
      "startTime": 1721885611575
    },
    {
      "type": "build_line",
      "endTime": 1721885611592,
      "status": "closed",
      "children": [],
      "name": "overallTime",
      "taskName": "default@PreviewUpdateAssets",
      "taskPath": "entry",
      "workerId": -1,
      "startTime": 1721885611590
    },
    {
      "type": "build_line",
      "endTime": 1721885614548,
      "status": "closed",
      "children": [],
      "name": "overallTime",
      "taskName": "default@PreviewArkTS",
      "taskPath": "entry",
      "workerId": -1,
      "startTime": 1721885611593
    },
    {
      "type": "build_line",
      "endTime": 1721885614550,
      "status": "closed",
      "children": [],
      "name": "overallTime",
      "taskName": "PreviewBuild",
      "taskPath": "entry",
      "workerId": -1,
      "startTime": 1721885614550
    },
    {
      "type": "build_line",
      "endTime": 1721885706637,
      "status": "closed",
      "children": [],
      "name": "overallTime",
      "taskName": "default@PreBuild",
      "taskPath": "entry",
      "workerId": -1,
      "startTime": 1721885706636
    },
    {
      "type": "build_line",
      "endTime": 1721885706638,
      "status": "closed",
      "children": [],
      "name": "overallTime",
      "taskName": "default@MergeProfile",
      "taskPath": "entry",
      "workerId": -1,
      "startTime": 1721885706637
    },
    {
      "type": "build_line",
      "endTime": 1721885706639,
      "status": "closed",
      "children": [],
      "name": "overallTime",
      "taskName": "default@GenerateLoaderJson",
      "taskPath": "entry",
      "workerId": -1,
      "startTime": 1721885706639
    },
    {
      "type": "build_line",
      "endTime": 1721885706642,
      "status": "closed",
      "children": [],
      "name": "overallTime",
      "taskName": "default@ProcessProfile",
      "taskPath": "entry",
      "workerId": -1,
      "startTime": 1721885706640
    },
    {
      "type": "build_line",
      "endTime": 1721885706651,
      "status": "closed",
      "children": [],
      "name": "overallTime",
      "taskName": "default@PreviewProcessResource",
      "taskPath": "entry",
      "workerId": -1,
      "startTime": 1721885706646
    },
    {
      "type": "build_line",
      "endTime": 1721885706668,
      "status": "closed",
      "children": [],
      "name": "overallTime",
      "taskName": "default@PreviewCompileResource",
      "taskPath": "entry",
      "workerId": -1,
      "startTime": 1721885706657
    },
    {
      "type": "build_line",
      "endTime": 1721885706669,
      "status": "closed",
      "children": [],
      "name": "overallTime",
      "taskName": "default@PreviewHookCompileResource",
      "taskPath": "entry",
      "workerId": -1,
      "startTime": 1721885706669
    },
    {
      "type": "build_line",
      "endTime": 1721885706673,
      "status": "closed",
      "children": [],
      "name": "overallTime",
      "taskName": "default@ReplacePreviewerPage",
      "taskPath": "entry",
      "workerId": -1,
      "startTime": 1721885706670
    },
    {
      "type": "build_line",
      "endTime": 1721885706674,
      "status": "closed",
      "children": [],
      "name": "overallTime",
      "taskName": "buildPreviewerResource",
      "taskPath": "entry",
      "workerId": -1,
      "startTime": 1721885706674
    },
    {
      "type": "build_line",
      "endTime": 1721885706676,
      "status": "closed",
      "children": [],
      "name": "overallTime",
      "taskName": "default@PreviewUpdateAssets",
      "taskPath": "entry",
      "workerId": -1,
      "startTime": 1721885706674
    },
    {
      "type": "build_line",
      "endTime": 1721885709535,
      "status": "closed",
      "children": [],
      "name": "overallTime",
      "taskName": "default@PreviewArkTS",
      "taskPath": "entry",
      "workerId": -1,
      "startTime": 1721885706676
    },
    {
      "type": "build_line",
      "endTime": 1721885709537,
      "status": "closed",
      "children": [],
      "name": "overallTime",
      "taskName": "PreviewBuild",
      "taskPath": "entry",
      "workerId": -1,
      "startTime": 1721885709537
    },
    {
      "type": "build_line",
      "endTime": 1721885729946,
      "status": "closed",
      "children": [],
      "name": "overallTime",
      "taskName": "default@PreBuild",
      "taskPath": "entry",
      "workerId": -1,
      "startTime": 1721885729945
    },
    {
      "type": "build_line",
      "endTime": 1721885729947,
      "status": "closed",
      "children": [],
      "name": "overallTime",
      "taskName": "default@MergeProfile",
      "taskPath": "entry",
      "workerId": -1,
      "startTime": 1721885729946
    },
    {
      "type": "build_line",
      "endTime": 1721885729948,
      "status": "closed",
      "children": [],
      "name": "overallTime",
      "taskName": "default@GenerateLoaderJson",
      "taskPath": "entry",
      "workerId": -1,
      "startTime": 1721885729947
    },
    {
      "type": "build_line",
      "endTime": 1721885729948,
      "status": "closed",
      "children": [],
      "name": "overallTime",
      "taskName": "default@ProcessProfile",
      "taskPath": "entry",
      "workerId": -1,
      "startTime": 1721885729948
    },
    {
      "type": "build_line",
      "endTime": 1721885729951,
      "status": "closed",
      "children": [],
      "name": "overallTime",
      "taskName": "default@PreviewProcessResource",
      "taskPath": "entry",
      "workerId": -1,
      "startTime": 1721885729949
    },
    {
      "type": "build_line",
      "endTime": 1721885730057,
      "status": "closed",
      "children": [],
      "name": "overallTime",
      "taskName": "default@PreviewCompileResource",
      "taskPath": "entry",
      "workerId": -1,
      "startTime": 1721885729953
    },
    {
      "type": "build_line",
      "endTime": 1721885730059,
      "status": "closed",
      "children": [],
      "name": "overallTime",
      "taskName": "default@PreviewHookCompileResource",
      "taskPath": "entry",
      "workerId": -1,
      "startTime": 1721885730059
    },
    {
      "type": "build_line",
      "endTime": 1721885730063,
      "status": "closed",
      "children": [],
      "name": "overallTime",
      "taskName": "default@ReplacePreviewerPage",
      "taskPath": "entry",
      "workerId": -1,
      "startTime": 1721885730060
    },
    {
      "type": "build_line",
      "endTime": 1721885730064,
      "status": "closed",
      "children": [],
      "name": "overallTime",
      "taskName": "buildPreviewerResource",
      "taskPath": "entry",
      "workerId": -1,
      "startTime": 1721885730064
    },
    {
      "type": "build_line",
      "endTime": 1721885730066,
      "status": "closed",
      "children": [],
      "name": "overallTime",
      "taskName": "default@PreviewUpdateAssets",
      "taskPath": "entry",
      "workerId": -1,
      "startTime": 1721885730064
    },
    {
      "type": "build_line",
      "endTime": 1721885732598,
      "status": "closed",
      "children": [],
      "name": "overallTime",
      "taskName": "default@PreviewArkTS",
      "taskPath": "entry",
      "workerId": -1,
      "startTime": 1721885730066
    },
    {
      "type": "build_line",
      "endTime": 1721885732599,
      "status": "closed",
      "children": [],
      "name": "overallTime",
      "taskName": "PreviewBuild",
      "taskPath": "entry",
      "workerId": -1,
      "startTime": 1721885732599
    },
    {
      "type": "build_line",
      "endTime": 1721885979841,
      "status": "closed",
      "children": [],
      "name": "overallTime",
      "taskName": "default@PreBuild",
      "taskPath": "entry",
      "workerId": -1,
      "startTime": 1721885979840
    },
    {
      "type": "build_line",
      "endTime": 1721885979842,
      "status": "closed",
      "children": [],
      "name": "overallTime",
      "taskName": "default@MergeProfile",
      "taskPath": "entry",
      "workerId": -1,
      "startTime": 1721885979841
    },
    {
      "type": "build_line",
      "endTime": 1721885979843,
      "status": "closed",
      "children": [],
      "name": "overallTime",
      "taskName": "default@GenerateLoaderJson",
      "taskPath": "entry",
      "workerId": -1,
      "startTime": 1721885979842
    },
    {
      "type": "build_line",
      "endTime": 1721885979844,
      "status": "closed",
      "children": [],
      "name": "overallTime",
      "taskName": "default@ProcessProfile",
      "taskPath": "entry",
      "workerId": -1,
      "startTime": 1721885979843
    },
    {
      "type": "build_line",
      "endTime": 1721885979846,
      "status": "closed",
      "children": [],
      "name": "overallTime",
      "taskName": "default@PreviewProcessResource",
      "taskPath": "entry",
      "workerId": -1,
      "startTime": 1721885979844
    },
    {
      "type": "build_line",
      "endTime": 1721885979858,
      "status": "closed",
      "children": [],
      "name": "overallTime",
      "taskName": "default@PreviewCompileResource",
      "taskPath": "entry",
      "workerId": -1,
      "startTime": 1721885979847
    },
    {
      "type": "build_line",
      "endTime": 1721885979859,
      "status": "closed",
      "children": [],
      "name": "overallTime",
      "taskName": "default@PreviewHookCompileResource",
      "taskPath": "entry",
      "workerId": -1,
      "startTime": 1721885979859
    },
    {
      "type": "build_line",
      "endTime": 1721885979863,
      "status": "closed",
      "children": [],
      "name": "overallTime",
      "taskName": "default@ReplacePreviewerPage",
      "taskPath": "entry",
      "workerId": -1,
      "startTime": 1721885979861
    },
    {
      "type": "build_line",
      "endTime": 1721885979864,
      "status": "closed",
      "children": [],
      "name": "overallTime",
      "taskName": "buildPreviewerResource",
      "taskPath": "entry",
      "workerId": -1,
      "startTime": 1721885979864
    },
    {
      "type": "build_line",
      "endTime": 1721885979882,
      "status": "closed",
      "children": [],
      "name": "overallTime",
      "taskName": "default@PreviewUpdateAssets",
      "taskPath": "entry",
      "workerId": -1,
      "startTime": 1721885979881
    },
    {
      "type": "build_line",
      "endTime": 1721885982723,
      "status": "closed",
      "children": [],
      "name": "overallTime",
      "taskName": "default@PreviewArkTS",
      "taskPath": "entry",
      "workerId": -1,
      "startTime": 1721885979883
    },
    {
      "type": "build_line",
      "endTime": 1721885982725,
      "status": "closed",
      "children": [],
      "name": "overallTime",
      "taskName": "PreviewBuild",
      "taskPath": "entry",
      "workerId": -1,
      "startTime": 1721885982725
    },
    {
      "type": "build_line",
      "endTime": 1721886521819,
      "status": "closed",
      "children": [],
      "name": "overallTime",
      "taskName": "default@PreBuild",
      "taskPath": "entry",
      "workerId": -1,
      "startTime": 1721886521818
    },
    {
      "type": "build_line",
      "endTime": 1721886521820,
      "status": "closed",
      "children": [],
      "name": "overallTime",
      "taskName": "default@MergeProfile",
      "taskPath": "entry",
      "workerId": -1,
      "startTime": 1721886521819
    },
    {
      "type": "build_line",
      "endTime": 1721886521821,
      "status": "closed",
      "children": [],
      "name": "overallTime",
      "taskName": "default@GenerateLoaderJson",
      "taskPath": "entry",
      "workerId": -1,
      "startTime": 1721886521821
    },
    {
      "type": "build_line",
      "endTime": 1721886521822,
      "status": "closed",
      "children": [],
      "name": "overallTime",
      "taskName": "default@ProcessProfile",
      "taskPath": "entry",
      "workerId": -1,
      "startTime": 1721886521821
    },
    {
      "type": "build_line",
      "endTime": 1721886521833,
      "status": "closed",
      "children": [],
      "name": "overallTime",
      "taskName": "default@PreviewProcessResource",
      "taskPath": "entry",
      "workerId": -1,
      "startTime": 1721886521822
    },
    {
      "type": "build_line",
      "endTime": 1721886522045,
      "status": "closed",
      "children": [],
      "name": "overallTime",
      "taskName": "default@PreviewCompileResource",
      "taskPath": "entry",
      "workerId": -1,
      "startTime": 1721886521834
    },
    {
      "type": "build_line",
      "endTime": 1721886522046,
      "status": "closed",
      "children": [],
      "name": "overallTime",
      "taskName": "default@PreviewHookCompileResource",
      "taskPath": "entry",
      "workerId": -1,
      "startTime": 1721886522046
    },
    {
      "type": "build_line",
      "endTime": 1721886522050,
      "status": "closed",
      "children": [],
      "name": "overallTime",
      "taskName": "default@ReplacePreviewerPage",
      "taskPath": "entry",
      "workerId": -1,
      "startTime": 1721886522047
    },
    {
      "type": "build_line",
      "endTime": 1721886522052,
      "status": "closed",
      "children": [],
      "name": "overallTime",
      "taskName": "buildPreviewerResource",
      "taskPath": "entry",
      "workerId": -1,
      "startTime": 1721886522052
    },
    {
      "type": "build_line",
      "endTime": 1721886522053,
      "status": "closed",
      "children": [],
      "name": "overallTime",
      "taskName": "default@PreviewUpdateAssets",
      "taskPath": "entry",
      "workerId": -1,
      "startTime": 1721886522052
    },
    {
      "type": "build_line",
      "endTime": 1721886550031,
      "status": "closed",
      "children": [],
      "name": "overallTime",
      "taskName": "default@PreviewArkTS",
      "taskPath": "entry",
      "workerId": -1,
      "startTime": 1721886522054
    },
    {
      "type": "build_line",
      "endTime": 1721886550033,
      "status": "closed",
      "children": [],
      "name": "overallTime",
      "taskName": "PreviewBuild",
      "taskPath": "entry",
      "workerId": -1,
      "startTime": 1721886550033
    },
    {
      "type": "build_line",
      "endTime": 1721887125115,
      "status": "closed",
      "children": [],
      "name": "overallTime",
      "taskName": "default@PreBuild",
      "taskPath": "entry",
      "workerId": -1,
      "startTime": 1721887125115
    },
    {
      "type": "build_line",
      "endTime": 1721887125119,
      "status": "closed",
      "children": [],
      "name": "overallTime",
      "taskName": "default@MergeProfile",
      "taskPath": "entry",
      "workerId": -1,
      "startTime": 1721887125116
    },
    {
      "type": "build_line",
      "endTime": 1721887125124,
      "status": "closed",
      "children": [],
      "name": "overallTime",
      "taskName": "default@GenerateLoaderJson",
      "taskPath": "entry",
      "workerId": -1,
      "startTime": 1721887125122
    },
    {
      "type": "build_line",
      "endTime": 1721887125127,
      "status": "closed",
      "children": [],
      "name": "overallTime",
      "taskName": "default@ProcessProfile",
      "taskPath": "entry",
      "workerId": -1,
      "startTime": 1721887125126
    },
    {
      "type": "build_line",
      "endTime": 1721887125134,
      "status": "closed",
      "children": [],
      "name": "overallTime",
      "taskName": "default@PreviewProcessResource",
      "taskPath": "entry",
      "workerId": -1,
      "startTime": 1721887125132
    },
    {
      "type": "build_line",
      "endTime": 1721887125147,
      "status": "closed",
      "children": [],
      "name": "overallTime",
      "taskName": "default@PreviewCompileResource",
      "taskPath": "entry",
      "workerId": -1,
      "startTime": 1721887125137
    },
    {
      "type": "build_line",
      "endTime": 1721887125149,
      "status": "closed",
      "children": [],
      "name": "overallTime",
      "taskName": "default@PreviewHookCompileResource",
      "taskPath": "entry",
      "workerId": -1,
      "startTime": 1721887125149
    },
    {
      "type": "build_line",
      "endTime": 1721887125152,
      "status": "closed",
      "children": [],
      "name": "overallTime",
      "taskName": "default@ReplacePreviewerPage",
      "taskPath": "entry",
      "workerId": -1,
      "startTime": 1721887125150
    },
    {
      "type": "build_line",
      "endTime": 1721887125153,
      "status": "closed",
      "children": [],
      "name": "overallTime",
      "taskName": "buildPreviewerResource",
      "taskPath": "entry",
      "workerId": -1,
      "startTime": 1721887125153
    },
    {
      "type": "build_line",
      "endTime": 1721887125154,
      "status": "closed",
      "children": [],
      "name": "overallTime",
      "taskName": "default@PreviewUpdateAssets",
      "taskPath": "entry",
      "workerId": -1,
      "startTime": 1721887125153
    },
    {
      "type": "build_line",
      "endTime": 1721887127676,
      "status": "closed",
      "children": [],
      "name": "overallTime",
      "taskName": "default@PreviewArkTS",
      "taskPath": "entry",
      "workerId": -1,
      "startTime": 1721887125155
    },
    {
      "type": "build_line",
      "endTime": 1721887127677,
      "status": "closed",
      "children": [],
      "name": "overallTime",
      "taskName": "PreviewBuild",
      "taskPath": "entry",
      "workerId": -1,
      "startTime": 1721887127677
    },
    {
      "type": "build_line",
      "endTime": 1721887174439,
      "status": "closed",
      "children": [],
      "name": "overallTime",
      "taskName": "default@PreBuild",
      "taskPath": "entry",
      "workerId": -1,
      "startTime": 1721887174438
    },
    {
      "type": "build_line",
      "endTime": 1721887174440,
      "status": "closed",
      "children": [],
      "name": "overallTime",
      "taskName": "default@MergeProfile",
      "taskPath": "entry",
      "workerId": -1,
      "startTime": 1721887174439
    },
    {
      "type": "build_line",
      "endTime": 1721887174441,
      "status": "closed",
      "children": [],
      "name": "overallTime",
      "taskName": "default@GenerateLoaderJson",
      "taskPath": "entry",
      "workerId": -1,
      "startTime": 1721887174441
    },
    {
      "type": "build_line",
      "endTime": 1721887174442,
      "status": "closed",
      "children": [],
      "name": "overallTime",
      "taskName": "default@ProcessProfile",
      "taskPath": "entry",
      "workerId": -1,
      "startTime": 1721887174441
    },
    {
      "type": "build_line",
      "endTime": 1721887174444,
      "status": "closed",
      "children": [],
      "name": "overallTime",
      "taskName": "default@PreviewProcessResource",
      "taskPath": "entry",
      "workerId": -1,
      "startTime": 1721887174442
    },
    {
      "type": "build_line",
      "endTime": 1721887174560,
      "status": "closed",
      "children": [],
      "name": "overallTime",
      "taskName": "default@PreviewCompileResource",
      "taskPath": "entry",
      "workerId": -1,
      "startTime": 1721887174445
    },
    {
      "type": "build_line",
      "endTime": 1721887174561,
      "status": "closed",
      "children": [],
      "name": "overallTime",
      "taskName": "default@PreviewHookCompileResource",
      "taskPath": "entry",
      "workerId": -1,
      "startTime": 1721887174561
    },
    {
      "type": "build_line",
      "endTime": 1721887174566,
      "status": "closed",
      "children": [],
      "name": "overallTime",
      "taskName": "default@ReplacePreviewerPage",
      "taskPath": "entry",
      "workerId": -1,
      "startTime": 1721887174563
    },
    {
      "type": "build_line",
      "endTime": 1721887174567,
      "status": "closed",
      "children": [],
      "name": "overallTime",
      "taskName": "buildPreviewerResource",
      "taskPath": "entry",
      "workerId": -1,
      "startTime": 1721887174567
    },
    {
      "type": "build_line",
      "endTime": 1721887174580,
      "status": "closed",
      "children": [],
      "name": "overallTime",
      "taskName": "default@PreviewUpdateAssets",
      "taskPath": "entry",
      "workerId": -1,
      "startTime": 1721887174578
    },
    {
      "type": "build_line",
      "endTime": 1721887177050,
      "status": "closed",
      "children": [],
      "name": "overallTime",
      "taskName": "default@PreviewArkTS",
      "taskPath": "entry",
      "workerId": -1,
      "startTime": 1721887174580
    },
    {
      "type": "build_line",
      "endTime": 1721887177052,
      "status": "closed",
      "children": [],
      "name": "overallTime",
      "taskName": "PreviewBuild",
      "taskPath": "entry",
      "workerId": -1,
      "startTime": 1721887177052
    },
    {
      "type": "build_line",
      "endTime": 1721887827594,
      "status": "closed",
      "children": [],
      "name": "overallTime",
      "taskName": "default@PreBuild",
      "taskPath": "entry",
      "workerId": -1,
      "startTime": 1721887827593
    },
    {
      "type": "build_line",
      "endTime": 1721887827595,
      "status": "closed",
      "children": [],
      "name": "overallTime",
      "taskName": "default@MergeProfile",
      "taskPath": "entry",
      "workerId": -1,
      "startTime": 1721887827594
    },
    {
      "type": "build_line",
      "endTime": 1721887827596,
      "status": "closed",
      "children": [],
      "name": "overallTime",
      "taskName": "default@GenerateLoaderJson",
      "taskPath": "entry",
      "workerId": -1,
      "startTime": 1721887827595
    },
    {
      "type": "build_line",
      "endTime": 1721887827597,
      "status": "closed",
      "children": [],
      "name": "overallTime",
      "taskName": "default@ProcessProfile",
      "taskPath": "entry",
      "workerId": -1,
      "startTime": 1721887827596
    },
    {
      "type": "build_line",
      "endTime": 1721887827599,
      "status": "closed",
      "children": [],
      "name": "overallTime",
      "taskName": "default@PreviewProcessResource",
      "taskPath": "entry",
      "workerId": -1,
      "startTime": 1721887827597
    },
    {
      "type": "build_line",
      "endTime": 1721887827610,
      "status": "closed",
      "children": [],
      "name": "overallTime",
      "taskName": "default@PreviewCompileResource",
      "taskPath": "entry",
      "workerId": -1,
      "startTime": 1721887827601
    },
    {
      "type": "build_line",
      "endTime": 1721887827611,
      "status": "closed",
      "children": [],
      "name": "overallTime",
      "taskName": "default@PreviewHookCompileResource",
      "taskPath": "entry",
      "workerId": -1,
      "startTime": 1721887827611
    },
    {
      "type": "build_line",
      "endTime": 1721887827614,
      "status": "closed",
      "children": [],
      "name": "overallTime",
      "taskName": "default@ReplacePreviewerPage",
      "taskPath": "entry",
      "workerId": -1,
      "startTime": 1721887827612
    },
    {
      "type": "build_line",
      "endTime": 1721887827615,
      "status": "closed",
      "children": [],
      "name": "overallTime",
      "taskName": "buildPreviewerResource",
      "taskPath": "entry",
      "workerId": -1,
      "startTime": 1721887827615
    },
    {
      "type": "build_line",
      "endTime": 1721887827616,
      "status": "closed",
      "children": [],
      "name": "overallTime",
      "taskName": "default@PreviewUpdateAssets",
      "taskPath": "entry",
      "workerId": -1,
      "startTime": 1721887827615
    },
    {
      "type": "build_line",
      "endTime": 1721887830485,
      "status": "closed",
      "children": [],
      "name": "overallTime",
      "taskName": "default@PreviewArkTS",
      "taskPath": "entry",
      "workerId": -1,
      "startTime": 1721887827617
    },
    {
      "type": "build_line",
      "endTime": 1721887830487,
      "status": "closed",
      "children": [],
      "name": "overallTime",
      "taskName": "PreviewBuild",
      "taskPath": "entry",
      "workerId": -1,
      "startTime": 1721887830487
    },
    {
      "type": "build_line",
      "endTime": 1721889473365,
      "status": "closed",
      "children": [],
      "name": "overallTime",
      "taskName": "default@PreBuild",
      "taskPath": "entry",
      "workerId": -1,
      "startTime": 1721889473364
    },
    {
      "type": "build_line",
      "endTime": 1721889473369,
      "status": "closed",
      "children": [],
      "name": "overallTime",
      "taskName": "default@MergeProfile",
      "taskPath": "entry",
      "workerId": -1,
      "startTime": 1721889473368
    },
    {
      "type": "build_line",
      "endTime": 1721889473370,
      "status": "closed",
      "children": [],
      "name": "overallTime",
      "taskName": "default@GenerateLoaderJson",
      "taskPath": "entry",
      "workerId": -1,
      "startTime": 1721889473370
    },
    {
      "type": "build_line",
      "endTime": 1721889473371,
      "status": "closed",
      "children": [],
      "name": "overallTime",
      "taskName": "default@ProcessProfile",
      "taskPath": "entry",
      "workerId": -1,
      "startTime": 1721889473370
    },
    {
      "type": "build_line",
      "endTime": 1721889473374,
      "status": "closed",
      "children": [],
      "name": "overallTime",
      "taskName": "default@PreviewProcessResource",
      "taskPath": "entry",
      "workerId": -1,
      "startTime": 1721889473371
    },
    {
      "type": "build_line",
      "endTime": 1721889473484,
      "status": "closed",
      "children": [],
      "name": "overallTime",
      "taskName": "default@PreviewCompileResource",
      "taskPath": "entry",
      "workerId": -1,
      "startTime": 1721889473376
    },
    {
      "type": "build_line",
      "endTime": 1721889473486,
      "status": "closed",
      "children": [],
      "name": "overallTime",
      "taskName": "default@PreviewHookCompileResource",
      "taskPath": "entry",
      "workerId": -1,
      "startTime": 1721889473486
    },
    {
      "type": "build_line",
      "endTime": 1721889473490,
      "status": "closed",
      "children": [],
      "name": "overallTime",
      "taskName": "default@ReplacePreviewerPage",
      "taskPath": "entry",
      "workerId": -1,
      "startTime": 1721889473487
    },
    {
      "type": "build_line",
      "endTime": 1721889473490,
      "status": "closed",
      "children": [],
      "name": "overallTime",
      "taskName": "buildPreviewerResource",
      "taskPath": "entry",
      "workerId": -1,
      "startTime": 1721889473490
    },
    {
      "type": "build_line",
      "endTime": 1721889473500,
      "status": "closed",
      "children": [],
      "name": "overallTime",
      "taskName": "default@PreviewUpdateAssets",
      "taskPath": "entry",
      "workerId": -1,
      "startTime": 1721889473499
    },
    {
      "type": "build_line",
      "endTime": 1721889476255,
      "status": "closed",
      "children": [],
      "name": "overallTime",
      "taskName": "default@PreviewArkTS",
      "taskPath": "entry",
      "workerId": -1,
      "startTime": 1721889473501
    },
    {
      "type": "build_line",
      "endTime": 1721889476257,
      "status": "closed",
      "children": [],
      "name": "overallTime",
      "taskName": "PreviewBuild",
      "taskPath": "entry",
      "workerId": -1,
      "startTime": 1721889476257
    },
    {
      "type": "build_line",
      "endTime": 1721890856068,
      "status": "closed",
      "children": [],
      "name": "overallTime",
      "taskName": "default@PreBuild",
      "taskPath": "entry",
      "workerId": -1,
      "startTime": 1721890856067
    },
    {
      "type": "build_line",
      "endTime": 1721890856070,
      "status": "closed",
      "children": [],
      "name": "overallTime",
      "taskName": "default@MergeProfile",
      "taskPath": "entry",
      "workerId": -1,
      "startTime": 1721890856069
    },
    {
      "type": "build_line",
      "endTime": 1721890856071,
      "status": "closed",
      "children": [],
      "name": "overallTime",
      "taskName": "default@GenerateLoaderJson",
      "taskPath": "entry",
      "workerId": -1,
      "startTime": 1721890856071
    },
    {
      "type": "build_line",
      "endTime": 1721890856072,
      "status": "closed",
      "children": [],
      "name": "overallTime",
      "taskName": "default@ProcessProfile",
      "taskPath": "entry",
      "workerId": -1,
      "startTime": 1721890856072
    },
    {
      "type": "build_line",
      "endTime": 1721890856075,
      "status": "closed",
      "children": [],
      "name": "overallTime",
      "taskName": "default@PreviewProcessResource",
      "taskPath": "entry",
      "workerId": -1,
      "startTime": 1721890856073
    },
    {
      "type": "build_line",
      "endTime": 1721890856183,
      "status": "closed",
      "children": [],
      "name": "overallTime",
      "taskName": "default@PreviewCompileResource",
      "taskPath": "entry",
      "workerId": -1,
      "startTime": 1721890856077
    },
    {
      "type": "build_line",
      "endTime": 1721890856184,
      "status": "closed",
      "children": [],
      "name": "overallTime",
      "taskName": "default@PreviewHookCompileResource",
      "taskPath": "entry",
      "workerId": -1,
      "startTime": 1721890856184
    },
    {
      "type": "build_line",
      "endTime": 1721890856189,
      "status": "closed",
      "children": [],
      "name": "overallTime",
      "taskName": "default@ReplacePreviewerPage",
      "taskPath": "entry",
      "workerId": -1,
      "startTime": 1721890856186
    },
    {
      "type": "build_line",
      "endTime": 1721890856189,
      "status": "closed",
      "children": [],
      "name": "overallTime",
      "taskName": "buildPreviewerResource",
      "taskPath": "entry",
      "workerId": -1,
      "startTime": 1721890856189
    },
    {
      "type": "build_line",
      "endTime": 1721890856205,
      "status": "closed",
      "children": [],
      "name": "overallTime",
      "taskName": "default@PreviewUpdateAssets",
      "taskPath": "entry",
      "workerId": -1,
      "startTime": 1721890856203
    },
    {
      "type": "build_line",
      "endTime": 1721890858970,
      "status": "closed",
      "children": [],
      "name": "overallTime",
      "taskName": "default@PreviewArkTS",
      "taskPath": "entry",
      "workerId": -1,
      "startTime": 1721890856205
    },
    {
      "type": "build_line",
      "endTime": 1721890858972,
      "status": "closed",
      "children": [],
      "name": "overallTime",
      "taskName": "PreviewBuild",
      "taskPath": "entry",
      "workerId": -1,
      "startTime": 1721890858972
    },
    {
      "type": "build_line",
      "endTime": 1721890882546,
      "status": "closed",
      "children": [],
      "name": "overallTime",
      "taskName": "default@PreBuild",
      "taskPath": "entry",
      "workerId": -1,
      "startTime": 1721890882546
    },
    {
      "type": "build_line",
      "endTime": 1721890882548,
      "status": "closed",
      "children": [],
      "name": "overallTime",
      "taskName": "default@MergeProfile",
      "taskPath": "entry",
      "workerId": -1,
      "startTime": 1721890882547
    },
    {
      "type": "build_line",
      "endTime": 1721890882550,
      "status": "closed",
      "children": [],
      "name": "overallTime",
      "taskName": "default@GenerateLoaderJson",
      "taskPath": "entry",
      "workerId": -1,
      "startTime": 1721890882549
    },
    {
      "type": "build_line",
      "endTime": 1721890882552,
      "status": "closed",
      "children": [],
      "name": "overallTime",
      "taskName": "default@ProcessProfile",
      "taskPath": "entry",
      "workerId": -1,
      "startTime": 1721890882551
    },
    {
      "type": "build_line",
      "endTime": 1721890882556,
      "status": "closed",
      "children": [],
      "name": "overallTime",
      "taskName": "default@PreviewProcessResource",
      "taskPath": "entry",
      "workerId": -1,
      "startTime": 1721890882553
    },
    {
      "type": "build_line",
      "endTime": 1721890882569,
      "status": "closed",
      "children": [],
      "name": "overallTime",
      "taskName": "default@PreviewCompileResource",
      "taskPath": "entry",
      "workerId": -1,
      "startTime": 1721890882559
    },
    {
      "type": "build_line",
      "endTime": 1721890882573,
      "status": "closed",
      "children": [],
      "name": "overallTime",
      "taskName": "default@PreviewHookCompileResource",
      "taskPath": "entry",
      "workerId": -1,
      "startTime": 1721890882573
    },
    {
      "type": "build_line",
      "endTime": 1721890882578,
      "status": "closed",
      "children": [],
      "name": "overallTime",
      "taskName": "default@ReplacePreviewerPage",
      "taskPath": "entry",
      "workerId": -1,
      "startTime": 1721890882576
    },
    {
      "type": "build_line",
      "endTime": 1721890882579,
      "status": "closed",
      "children": [],
      "name": "overallTime",
      "taskName": "buildPreviewerResource",
      "taskPath": "entry",
      "workerId": -1,
      "startTime": 1721890882579
    },
    {
      "type": "build_line",
      "endTime": 1721890882580,
      "status": "closed",
      "children": [],
      "name": "overallTime",
      "taskName": "default@PreviewUpdateAssets",
      "taskPath": "entry",
      "workerId": -1,
      "startTime": 1721890882579
    },
    {
      "type": "build_line",
      "endTime": 1721890885370,
      "status": "closed",
      "children": [],
      "name": "overallTime",
      "taskName": "default@PreviewArkTS",
      "taskPath": "entry",
      "workerId": -1,
      "startTime": 1721890882581
    },
    {
      "type": "build_line",
      "endTime": 1721890885372,
      "status": "closed",
      "children": [],
      "name": "overallTime",
      "taskName": "PreviewBuild",
      "taskPath": "entry",
      "workerId": -1,
      "startTime": 1721890885372
    },
    {
      "type": "build_line",
      "endTime": 1721891614971,
      "status": "closed",
      "children": [],
      "name": "overallTime",
      "taskName": "default@PreBuild",
      "taskPath": "entry",
      "workerId": -1,
      "startTime": 1721891614969
    },
    {
      "type": "build_line",
      "endTime": 1721891614977,
      "status": "closed",
      "children": [],
      "name": "overallTime",
      "taskName": "default@MergeProfile",
      "taskPath": "entry",
      "workerId": -1,
      "startTime": 1721891614972
    },
    {
      "type": "build_line",
      "endTime": 1721891614979,
      "status": "closed",
      "children": [],
      "name": "overallTime",
      "taskName": "default@BuildNativeWithCmake",
      "taskPath": "entry",
      "workerId": -1,
      "startTime": 1721891614979
    },
    {
      "type": "build_line",
      "endTime": 1721891614984,
      "status": "closed",
      "children": [],
      "name": "overallTime",
      "taskName": "default@GenerateLoaderJson",
      "taskPath": "entry",
      "workerId": -1,
      "startTime": 1721891614980
    },
    {
      "type": "build_line",
      "endTime": 1721891614998,
      "status": "closed",
      "children": [],
      "name": "overallTime",
      "taskName": "default@MakePackInfo",
      "taskPath": "entry",
      "workerId": -1,
      "startTime": 1721891614987
    },
    {
      "type": "build_line",
      "endTime": 1721891615105,
      "status": "closed",
      "children": [],
      "name": "overallTime",
      "taskName": "default@ProcessProfile",
      "taskPath": "entry",
      "workerId": -1,
      "startTime": 1721891615003
    },
    {
      "type": "build_line",
      "endTime": 1721891615108,
      "status": "closed",
      "children": [],
      "name": "overallTime",
      "taskName": "default@BuildNativeWithNinja",
      "taskPath": "entry",
      "workerId": -1,
      "startTime": 1721891615107
    },
    {
      "type": "build_line",
      "endTime": 1721891615114,
      "status": "closed",
      "children": [],
      "name": "overallTime",
      "taskName": "default@ProcessResource",
      "taskPath": "entry",
      "workerId": -1,
      "startTime": 1721891615108
    },
    {
      "type": "build_line",
      "endTime": 1721891615119,
      "status": "closed",
      "children": [],
      "name": "overallTime",
      "taskName": "default@ProcessLibs",
      "taskPath": "entry",
      "workerId": -1,
      "startTime": 1721891615114
    },
    {
      "type": "build_line",
      "endTime": 1721891615231,
      "status": "closed",
      "children": [],
      "name": "overallTime",
      "taskName": "default@CompileResource",
      "taskPath": "entry",
      "workerId": -1,
      "startTime": 1721891615120
    },
    {
      "type": "build_line",
      "endTime": 1721891615253,
      "status": "closed",
      "children": [],
      "name": "overallTime",
      "taskName": "default@CompileJS",
      "taskPath": "entry",
      "workerId": -1,
      "startTime": 1721891615249
    },
    {
      "type": "build_line",
      "endTime": 1721891619764,
      "status": "closed",
      "children": [],
      "name": "overallTime",
      "taskName": "default@CompileArkTS",
      "taskPath": "entry",
      "workerId": 2,
      "startTime": 1721891615249
    },
    {
      "type": "default",
      "endTime": 1721891619764,
      "status": "closed",
      "children": [
        {
          "type": "build_line",
          "endTime": 1721891619764,
          "status": "closed",
          "children": [],
          "name": "overallTime",
          "taskName": "default@CompileArkTS",
          "taskPath": "entry",
          "workerId": 2,
          "startTime": 1721891615249
        }
      ],
      "name": "overallTime",
      "taskName": "default@CompileArkTS",
      "taskPath": "entry",
      "workerId": -1,
      "startTime": 1721891615232
    },
    {
      "type": "build_line",
      "endTime": 1721891621868,
      "status": "closed",
      "children": [],
      "name": "overallTime",
      "taskName": "default@PackageHap",
      "taskPath": "entry",
      "workerId": 0,
      "startTime": 1721891619769
    },
    {
      "type": "default",
      "endTime": 1721891621868,
      "status": "closed",
      "children": [
        {
          "type": "build_line",
          "endTime": 1721891621868,
          "status": "closed",
          "children": [],
          "name": "overallTime",
          "taskName": "default@PackageHap",
          "taskPath": "entry",
          "workerId": 0,
          "startTime": 1721891619769
        }
      ],
      "name": "overallTime",
      "taskName": "default@PackageHap",
      "taskPath": "entry",
      "workerId": -1,
      "startTime": 1721891619765
    },
    {
      "type": "build_line",
      "endTime": 1721891621869,
      "status": "closed",
      "children": [],
      "name": "overallTime",
      "taskName": "default@SignHap",
      "taskPath": "entry",
      "workerId": -1,
      "startTime": 1721891621868
    },
    {
      "type": "build_line",
      "endTime": 1721891621870,
      "status": "closed",
      "children": [],
      "name": "overallTime",
      "taskName": "assembleHap",
      "taskPath": "entry",
      "workerId": -1,
      "startTime": 1721891621870
    },
    {
      "type": "build_line",
      "endTime": 1721893202640,
      "status": "closed",
      "children": [],
      "name": "overallTime",
      "taskName": "default@PreBuild",
      "taskPath": "entry",
      "workerId": -1,
      "startTime": 1721893202639
    },
    {
      "type": "build_line",
      "endTime": 1721893202642,
      "status": "closed",
      "children": [],
      "name": "overallTime",
      "taskName": "default@MergeProfile",
      "taskPath": "entry",
      "workerId": -1,
      "startTime": 1721893202640
    },
    {
      "type": "build_line",
      "endTime": 1721893202644,
      "status": "closed",
      "children": [],
      "name": "overallTime",
      "taskName": "default@GenerateLoaderJson",
      "taskPath": "entry",
      "workerId": -1,
      "startTime": 1721893202642
    },
    {
      "type": "build_line",
      "endTime": 1721893202713,
      "status": "closed",
      "children": [],
      "name": "overallTime",
      "taskName": "default@ProcessProfile",
      "taskPath": "entry",
      "workerId": -1,
      "startTime": 1721893202646
    },
    {
      "type": "build_line",
      "endTime": 1721893202726,
      "status": "closed",
      "children": [],
      "name": "overallTime",
      "taskName": "default@PreviewProcessResource",
      "taskPath": "entry",
      "workerId": -1,
      "startTime": 1721893202715
    },
    {
      "type": "build_line",
      "endTime": 1721893202893,
      "status": "closed",
      "children": [],
      "name": "overallTime",
      "taskName": "default@PreviewCompileResource",
      "taskPath": "entry",
      "workerId": -1,
      "startTime": 1721893202728
    },
    {
      "type": "build_line",
      "endTime": 1721893202894,
      "status": "closed",
      "children": [],
      "name": "overallTime",
      "taskName": "default@PreviewHookCompileResource",
      "taskPath": "entry",
      "workerId": -1,
      "startTime": 1721893202894
    },
    {
      "type": "build_line",
      "endTime": 1721893202898,
      "status": "closed",
      "children": [],
      "name": "overallTime",
      "taskName": "default@ReplacePreviewerPage",
      "taskPath": "entry",
      "workerId": -1,
      "startTime": 1721893202895
    },
    {
      "type": "build_line",
      "endTime": 1721893202899,
      "status": "closed",
      "children": [],
      "name": "overallTime",
      "taskName": "buildPreviewerResource",
      "taskPath": "entry",
      "workerId": -1,
      "startTime": 1721893202899
    },
    {
      "type": "build_line",
      "endTime": 1721893202900,
      "status": "closed",
      "children": [],
      "name": "overallTime",
      "taskName": "default@PreviewUpdateAssets",
      "taskPath": "entry",
      "workerId": -1,
      "startTime": 1721893202899
    },
    {
      "type": "build_line",
      "endTime": 1721893206084,
      "status": "closed",
      "children": [],
      "name": "overallTime",
      "taskName": "default@PreviewArkTS",
      "taskPath": "entry",
      "workerId": -1,
      "startTime": 1721893202901
    },
    {
      "type": "build_line",
      "endTime": 1721893206085,
      "status": "closed",
      "children": [],
      "name": "overallTime",
      "taskName": "PreviewBuild",
      "taskPath": "entry",
      "workerId": -1,
      "startTime": 1721893206085
    },
    {
      "type": "build_line",
      "endTime": 1721893435125,
      "status": "closed",
      "children": [],
      "name": "overallTime",
      "taskName": "default@PreBuild",
      "taskPath": "entry",
      "workerId": -1,
      "startTime": 1721893435124
    },
    {
      "type": "build_line",
      "endTime": 1721893435126,
      "status": "closed",
      "children": [],
      "name": "overallTime",
      "taskName": "default@MergeProfile",
      "taskPath": "entry",
      "workerId": -1,
      "startTime": 1721893435125
    },
    {
      "type": "build_line",
      "endTime": 1721893435127,
      "status": "closed",
      "children": [],
      "name": "overallTime",
      "taskName": "default@BuildNativeWithCmake",
      "taskPath": "entry",
      "workerId": -1,
      "startTime": 1721893435127
    },
    {
      "type": "build_line",
      "endTime": 1721893435129,
      "status": "closed",
      "children": [],
      "name": "overallTime",
      "taskName": "default@GenerateLoaderJson",
      "taskPath": "entry",
      "workerId": -1,
      "startTime": 1721893435127
    },
    {
      "type": "build_line",
      "endTime": 1721893435132,
      "status": "closed",
      "children": [],
      "name": "overallTime",
      "taskName": "default@MakePackInfo",
      "taskPath": "entry",
      "workerId": -1,
      "startTime": 1721893435129
    },
    {
      "type": "build_line",
      "endTime": 1721893435191,
      "status": "closed",
      "children": [],
      "name": "overallTime",
      "taskName": "default@ProcessProfile",
      "taskPath": "entry",
      "workerId": -1,
      "startTime": 1721893435133
    },
    {
      "type": "build_line",
      "endTime": 1721893435192,
      "status": "closed",
      "children": [],
      "name": "overallTime",
      "taskName": "default@BuildNativeWithNinja",
      "taskPath": "entry",
      "workerId": -1,
      "startTime": 1721893435192
    },
    {
      "type": "build_line",
      "endTime": 1721893435195,
      "status": "closed",
      "children": [],
      "name": "overallTime",
      "taskName": "default@ProcessResource",
      "taskPath": "entry",
      "workerId": -1,
      "startTime": 1721893435194
    },
    {
      "type": "build_line",
      "endTime": 1721893435197,
      "status": "closed",
      "children": [],
      "name": "overallTime",
      "taskName": "default@ProcessLibs",
      "taskPath": "entry",
      "workerId": -1,
      "startTime": 1721893435196
    },
    {
      "type": "build_line",
      "endTime": 1721893435271,
      "status": "closed",
      "children": [],
      "name": "overallTime",
      "taskName": "default@CompileResource",
      "taskPath": "entry",
      "workerId": -1,
      "startTime": 1721893435197
    },
    {
      "type": "build_line",
      "endTime": 1721893435278,
      "status": "closed",
      "children": [],
      "name": "overallTime",
      "taskName": "default@CompileJS",
      "taskPath": "entry",
      "workerId": -1,
      "startTime": 1721893435277
    },
    {
      "type": "build_line",
      "endTime": 1721893438049,
      "status": "closed",
      "children": [],
      "name": "overallTime",
      "taskName": "default@CompileArkTS",
      "taskPath": "entry",
      "workerId": 2,
      "startTime": 1721893435276
    },
    {
      "type": "default",
      "endTime": 1721893438049,
      "status": "closed",
      "children": [
        {
          "type": "build_line",
          "endTime": 1721893438049,
          "status": "closed",
          "children": [],
          "name": "overallTime",
          "taskName": "default@CompileArkTS",
          "taskPath": "entry",
          "workerId": 2,
          "startTime": 1721893435276
        }
      ],
      "name": "overallTime",
      "taskName": "default@CompileArkTS",
      "taskPath": "entry",
      "workerId": -1,
      "startTime": 1721893435272
    },
    {
      "type": "build_line",
      "endTime": 1721893438546,
      "status": "closed",
      "children": [],
      "name": "overallTime",
      "taskName": "default@PackageHap",
      "taskPath": "entry",
      "workerId": 0,
      "startTime": 1721893438055
    },
    {
      "type": "default",
      "endTime": 1721893438546,
      "status": "closed",
      "children": [
        {
          "type": "build_line",
          "endTime": 1721893438546,
          "status": "closed",
          "children": [],
          "name": "overallTime",
          "taskName": "default@PackageHap",
          "taskPath": "entry",
          "workerId": 0,
          "startTime": 1721893438055
        }
      ],
      "name": "overallTime",
      "taskName": "default@PackageHap",
      "taskPath": "entry",
      "workerId": -1,
      "startTime": 1721893438050
    },
    {
      "type": "build_line",
      "endTime": 1721893438547,
      "status": "closed",
      "children": [],
      "name": "overallTime",
      "taskName": "default@SignHap",
      "taskPath": "entry",
      "workerId": -1,
      "startTime": 1721893438547
    },
    {
      "type": "build_line",
      "endTime": 1721893438548,
      "status": "closed",
      "children": [],
      "name": "overallTime",
      "taskName": "assembleHap",
      "taskPath": "entry",
      "workerId": -1,
      "startTime": 1721893438548
    }
  ],
  "workLog": []
}